,id,createdTime,lastRefresh,price,location,url,price_per_m,floor_select,furniture,market,builttype,m,rooms
0,774684605,2022-08-12T18:45:44+02:00,2022-08-12T18:47:48+02:00,680000,Lublin,http://www.olx.pl/d/oferta/nowy-apartament-3-pok-10min-do-centrum-wronska-3d-z-garazem-majdanek-CID3-IDQquQZ.html,10793.65,floor_1,yes,primary,apartamentowiec,63,three
1,769763214,2022-07-18T20:20:27+02:00,2022-08-16T13:16:11+02:00,590000,Lublin,http://www.olx.pl/d/oferta/mieszkanie-w-metropolitan-park-lublin-CID3-IDQ5QzI.html,10651.74,floor_8,yes,secondary,apartamentowiec,55.39,two
2,761005539,2022-06-06T16:35:04+02:00,2022-08-17T17:40:35+02:00,320000,Lublin,http://www.olx.pl/d/oferta/mieszkanie-z-tarasem-2-pokojowe-wrotkow-CID3-IDPw6iT.html,8434.37,floor_0,no,secondary,blok,37.94,two
3,733290338,2022-01-28T18:50:16+01:00,2022-08-17T17:52:56+02:00,430000,Lublin,http://www.olx.pl/d/oferta/mieszkanie-na-ponikwodzie-na-sprzedaz-CID3-IDNCOjv.html,9094.75,floor_1,yes,secondary,apartamentowiec,47.28,two
4,767222291,2022-07-07T07:04:59+02:00,2022-08-17T15:56:42+02:00,535000,Lublin,http://www.olx.pl/d/oferta/nowe-mieszkanie-3-pokojowe-wykonczone-ogrodek-ul-kwarcowa-CID3-IDPWbz5.html,10519.07,floor_0,yes,secondary,blok,50.86,three
5,768069694,2022-07-10T21:33:12+02:00,2022-08-15T14:28:22+02:00,599000,Lublin,http://www.olx.pl/d/oferta/bazylianowka-zamkniete-osiedle-brzozowy-park-72-m2-CID3-IDPYK0S.html,8365.92,floor_1,yes,secondary,blok,71.6,three
6,772962423,2022-08-03T22:49:02+02:00,2022-08-16T00:52:10+02:00,450000,Lublin,http://www.olx.pl/d/oferta/gotowiec-inwestycyjny-balladyny-roi-9-10-w-skali-roku-CID3-IDQjgPR.html,8181.82,,yes,secondary,blok,55,four
7,773086197,2022-08-04T16:07:12+02:00,2022-08-10T18:16:15+02:00,499000,Lublin,http://www.olx.pl/d/oferta/mieszkanie-2-pokoje-m-postojowe-garderoba-42-4m2-ul-wolinskiego-CID3-IDQjN2d.html,11768.87,floor_2,yes,secondary,blok,42.4,two
8,772438732,2022-08-01T15:56:43+02:00,2022-08-17T15:04:23+02:00,462000,Lublin,http://www.olx.pl/d/oferta/3-pokoje-po-remoncie-umeblowane-lsm-CID3-IDQh4Be.html,7979.27,floor_0,yes,secondary,blok,57.9,three
9,760211383,2022-06-02T10:20:27+02:00,2022-08-17T15:00:17+02:00,480000,Lublin,http://www.olx.pl/d/oferta/mieszkanie-na-sprzedaz-lublin-czuby-kaczencowa-CID3-IDPrLHW.html,7993.34,floor_3,no,secondary,blok,60.05,three
10,758324841,2022-05-23T19:22:27+02:00,2022-08-17T14:56:13+02:00,529999,Lublin,http://www.olx.pl/d/oferta/czuby-wysoki-standard-62-5-m2-bezposrednio-CID3-IDPjQWP.html,8479.98,floor_0,no,secondary,blok,62.5,three
11,751656232,2022-04-21T11:26:03+02:00,2022-08-17T14:36:25+02:00,437000,Lublin,http://www.olx.pl/d/oferta/sprzedam-4-pokoje-60-54-m2-bez-piecyka-gazowego-CID3-IDORS7C.html,7218.37,floor_3,no,secondary,blok,60.54,four
12,767728613,2022-07-09T11:39:37+02:00,2022-08-17T13:28:34+02:00,1800000,Lublin,http://www.olx.pl/d/oferta/piekny-150m-apartament-4-pokoje-dwie-lazienki-winda-2-garaze-CID3-IDPXjhz.html,12000,floor_3,yes,secondary,blok,150,four
13,774707980,2022-08-12T21:14:21+02:00,2022-08-13T16:44:08+02:00,355700,Lublin,http://www.olx.pl/d/oferta/prywatnie-1-pietro-nowy-budynek-ogrodek-plus-parking-gratis-CID3-IDQqAV0.html,5557.81,floor_1,no,primary,pozostale,64,three
14,771487516,2022-07-27T18:19:45+02:00,2022-08-15T18:23:22+02:00,307000,Lublin,http://www.olx.pl/d/oferta/2-pokojowe-mieszkanie-43m2-ulica-lwowska-CID3-IDQd592.html,7139.53,floor_2,yes,secondary,blok,43,two
15,770576657,2022-07-23T07:24:13+02:00,2022-08-13T09:32:12+02:00,440000,Lublin,http://www.olx.pl/d/oferta/i-e-pietro-4-pokoje-bardzo-dobra-lokalizacja-szybki-termin-wydania-CID3-IDQ9gbL.html,7370.18,floor_1,yes,secondary,blok,59.7,four
16,765612326,2022-06-28T20:50:49+02:00,2022-07-29T10:48:34+02:00,479000,Lublin,http://www.olx.pl/d/oferta/mieszkanie-os-czuby-poreba-3-pokoje-CID3-IDPOqJU.html,7485.54,floor_2,no,secondary,blok,63.99,three
17,773244167,2022-08-05T14:05:05+02:00,2022-08-12T16:16:20+02:00,369000,Lublin,http://www.olx.pl/d/oferta/bronowice-mieszkanie-3-pok-60-mkw-bez-posrednikow-CID3-IDQks87.html,6150,floor_0,yes,secondary,blok,60,three
18,768741304,2022-07-13T17:40:25+02:00,2022-08-16T12:12:14+02:00,750000,Lublin,http://www.olx.pl/d/oferta/atrakcyjne-mieszkanie-dla-rodziny-80-m2-czuby-os-poreba-CID3-IDQ1yJi.html,9433.96,floor_0,yes,secondary,blok,79.5,four
19,724763899,2021-12-17T14:26:11+01:00,2022-08-17T11:29:06+02:00,799000,Lublin,http://www.olx.pl/d/oferta/wyjatkowe-dwupoziomowe-5-pokoi-115-6-m-rogatka-warszawska-slawinek-CID3-IDN32cj.html,5435.37,floor_4,yes,secondary,blok,147,four
20,775510720,2022-08-17T10:51:51+02:00,2022-08-17T11:11:19+02:00,299900,Lublin,http://www.olx.pl/d/oferta/mieszkanie-2-pokoje-ul-niepodleglosci-CID3-IDQtXLq.html,7689.74,floor_7,yes,secondary,blok,39,two
21,775511503,2022-08-17T10:55:14+02:00,2022-08-17T11:01:56+02:00,495000,Lublin,http://www.olx.pl/d/oferta/mieszkanie-60-5m2-ul-kaczencowa-czuby-CID3-IDQtXY3.html,8181.82,floor_4,yes,secondary,blok,60.5,three
22,744501317,2022-03-19T16:22:12+01:00,2022-08-16T14:44:33+02:00,339000,Lublin,http://www.olx.pl/d/oferta/mieszkanie-2-pokoje-39-m2-lublin-tumidajskiego-sprzedam-bezposrednio-CID3-IDOnQNL.html,8692.31,floor_7,no,secondary,blok,39,two
23,775451884,2022-08-16T22:13:45+02:00,2022-08-16T22:15:52+02:00,550000,Lublin,http://www.olx.pl/d/oferta/mieszkanie-3-pok-przy-samym-uniw-medycznym-z-widokiem-okazja-CID3-IDQtIss.html,8986.93,floor_8,yes,secondary,blok,61.2,three
24,771487516,2022-07-27T18:19:45+02:00,2022-08-15T18:23:22+02:00,307000,Lublin,http://www.olx.pl/d/oferta/2-pokojowe-mieszkanie-43m2-ulica-lwowska-CID3-IDQd592.html,7139.53,floor_2,yes,secondary,blok,43,two
25,775138041,2022-08-15T15:14:41+02:00,2022-08-15T15:23:14+02:00,253000,Lublin,http://www.olx.pl/d/oferta/nowe-mieszkanie-z-miejscem-postojowym-w-cenie-swidnik-CID3-IDQsoOt.html,9035.71,floor_3,no,secondary,blok,28,one
26,766990828,2022-07-06T00:01:44+02:00,2022-08-14T22:46:47+02:00,370000,Lublin,http://www.olx.pl/d/oferta/lublin-srodmiescie-politechnika-37m-puste-CID3-IDPUdlO.html,10000,floor_4,no,secondary,blok,37,two
27,774905172,2022-08-14T10:48:53+02:00,2022-08-16T12:52:46+02:00,999000,Lublin,http://www.olx.pl/d/oferta/piekne-mieszkanie-srodmiescie-2-miejsca-garazowe-CID3-IDQrqev.html,14271.43,floor_1,yes,secondary,blok,70,four
28,773086197,2022-08-04T16:07:12+02:00,2022-08-10T18:16:15+02:00,499000,Lublin,http://www.olx.pl/d/oferta/mieszkanie-2-pokoje-m-postojowe-garderoba-42-4m2-ul-wolinskiego-CID3-IDQjN2d.html,11768.87,floor_2,yes,secondary,blok,42.4,two
29,756469539,2022-05-14T22:16:39+02:00,2022-08-07T12:11:37+02:00,325000,Lublin,http://www.olx.pl/d/oferta/mieszkanie-3-pokojowe-tatary-CID3-IDPc4hB.html,6993.76,floor_1,yes,secondary,blok,46.47,three
30,767728613,2022-07-09T11:39:37+02:00,2022-08-17T13:28:34+02:00,1800000,Lublin,http://www.olx.pl/d/oferta/piekny-150m-apartament-4-pokoje-dwie-lazienki-winda-2-garaze-CID3-IDPXjhz.html,12000,floor_3,yes,secondary,blok,150,four
31,754917703,2022-05-07T14:00:07+02:00,2022-08-17T09:53:11+02:00,289000,Lublin,http://www.olx.pl/d/oferta/sprzedam-2-pokoje-51-m-bronowice-pilne-CID3-IDP5yzZ.html,5666.67,floor_1,yes,secondary,kamienica,51,three
32,766834207,2022-07-05T12:33:49+02:00,2022-08-11T15:35:45+02:00,390000,Lublin,http://www.olx.pl/d/oferta/lsm-dwupokojowe-mieszkanie-po-generalnym-remoncie-CID3-IDPTyBF.html,10263.16,floor_3,no,secondary,blok,38,two
33,767728613,2022-07-09T11:39:37+02:00,2022-08-17T13:28:34+02:00,1800000,Lublin,http://www.olx.pl/d/oferta/piekny-150m-apartament-4-pokoje-dwie-lazienki-winda-2-garaze-CID3-IDPXjhz.html,12000,floor_3,yes,secondary,blok,150,four
34,764046725,2022-06-22T14:27:54+02:00,2022-08-15T21:56:16+02:00,525000,Lublin,http://www.olx.pl/d/oferta/wykonczone-pod-klucz-51m2-bezposrednio-czuby-CID3-IDPHRsh.html,10294.12,floor_1,yes,secondary,blok,51,three
35,762697264,2022-06-15T10:51:28+02:00,2022-08-14T17:00:14+02:00,339000,Lublin,http://www.olx.pl/d/oferta/mieszkanie-dla-studenta-pary-kalinowszczyzna-ul-okrzei-CID3-IDPCcoM.html,8860.43,floor_8,yes,secondary,blok,38.26,two
36,775495415,2022-08-17T09:40:00+02:00,2022-08-17T09:42:07+02:00,439000,Lublin,http://www.olx.pl/d/oferta/sprzedam-3-pokoje-biernackiego-12a-wyposazone-miejsce-garazowe-CID3-IDQtTMz.html,9145.83,floor_5,yes,secondary,blok,48,three
37,771487516,2022-07-27T18:19:45+02:00,2022-08-15T18:23:22+02:00,307000,Lublin,http://www.olx.pl/d/oferta/2-pokojowe-mieszkanie-43m2-ulica-lwowska-CID3-IDQd592.html,7139.53,floor_2,yes,secondary,blok,43,two
38,767222291,2022-07-07T07:04:59+02:00,2022-08-17T15:56:42+02:00,535000,Lublin,http://www.olx.pl/d/oferta/nowe-mieszkanie-3-pokojowe-wykonczone-ogrodek-ul-kwarcowa-CID3-IDPWbz5.html,10519.07,floor_0,yes,secondary,blok,50.86,three
39,715573906,2021-11-08T16:34:30+01:00,2022-08-17T09:21:16+02:00,350000,Lublin,http://www.olx.pl/d/oferta/mieszkanie-50-4-m2-czuby-CID3-IDMqtsC.html,6930.69,floor_2,no,secondary,blok,50.5,two
40,754645033,2022-05-06T10:11:42+02:00,2022-08-17T09:12:40+02:00,450000,Lublin,http://www.olx.pl/d/oferta/mieszkanie-47m2-3-pokoje-CID3-IDP4pE5.html,9574.47,floor_3,yes,secondary,blok,47,three
41,771119645,2022-07-26T09:32:59+02:00,2022-08-17T07:08:22+02:00,409000,Lublin,http://www.olx.pl/d/oferta/lsm-skierki-inwestycja-CID3-IDQbxrD.html,7716.98,floor_3,yes,secondary,blok,53,three
42,773969765,2022-08-09T11:29:19+02:00,2022-08-17T00:55:04+02:00,499900,Lublin,http://www.olx.pl/d/oferta/mieszkanie-60-69m-CID3-IDQnuTj.html,8236.94,floor_1,yes,secondary,blok,60.69,three
43,775457433,2022-08-16T22:51:00+02:00,2022-08-16T22:53:18+02:00,480000,Lublin,http://www.olx.pl/d/oferta/mieszkanie-62-m2-czuby-ul-stokrotki-7-CID3-IDQtJTX.html,7741.94,floor_6,yes,secondary,blok,62,three
44,768741304,2022-07-13T17:40:25+02:00,2022-08-16T12:12:14+02:00,750000,Lublin,http://www.olx.pl/d/oferta/atrakcyjne-mieszkanie-dla-rodziny-80-m2-czuby-os-poreba-CID3-IDQ1yJi.html,9433.96,floor_0,yes,secondary,blok,79.5,four
45,756469539,2022-05-14T22:16:39+02:00,2022-08-07T12:11:37+02:00,325000,Lublin,http://www.olx.pl/d/oferta/mieszkanie-3-pokojowe-tatary-CID3-IDPc4hB.html,6993.76,floor_1,yes,secondary,blok,46.47,three
46,775045572,2022-08-15T00:16:53+02:00,2022-08-15T00:24:32+02:00,500000,Lublin,http://www.olx.pl/d/oferta/mieszkanie-dwupokojowe-49m2-os-chopina-czechow-CID3-IDQs0L2.html,10204.08,floor_6,yes,secondary,blok,49,two
47,749318064,2022-04-08T21:09:48+02:00,2022-08-16T21:23:59+02:00,230000,Lublin,http://www.olx.pl/d/oferta/kawalerka-ul-samsonowicza-65-nowy-blok-prywatnie-dwupak-CID3-IDOI3Re.html,11500,floor_1,yes,secondary,blok,20,one
48,775424014,2022-08-16T20:09:22+02:00,2022-08-16T20:11:30+02:00,480000,Lublin,http://www.olx.pl/d/oferta/mieszkanie-3-pokoje-kalina-CID3-IDQtBcV.html,8000,floor_0,yes,secondary,blok,60,three
49,769144551,2022-07-15T16:26:00+02:00,2022-08-16T18:02:03+02:00,400000,Lublin,http://www.olx.pl/d/oferta/mieszkanie-sprzedam-na-czechowie-ul-skoluby-2-w-lublinie-CID3-IDQ3fDh.html,8000,floor_4,yes,secondary,blok,50,two
50,775388344,2022-08-16T17:41:32+02:00,2022-08-16T17:51:53+02:00,380000,Lublin,http://www.olx.pl/d/oferta/sprzedam-mieszkanie-CID3-IDQtrWC.html,7883.82,floor_3,yes,secondary,blok,48.2,three
51,766834207,2022-07-05T12:33:49+02:00,2022-08-11T15:35:45+02:00,390000,Lublin,http://www.olx.pl/d/oferta/lsm-dwupokojowe-mieszkanie-po-generalnym-remoncie-CID3-IDPTyBF.html,10263.16,floor_3,no,secondary,blok,38,two
52,775451884,2022-08-16T22:13:45+02:00,2022-08-16T22:15:52+02:00,550000,Lublin,http://www.olx.pl/d/oferta/mieszkanie-3-pok-przy-samym-uniw-medycznym-z-widokiem-okazja-CID3-IDQtIss.html,8986.93,floor_8,yes,secondary,blok,61.2,three
53,688029713,2021-07-11T21:12:11+02:00,2022-08-02T09:21:26+02:00,449000,Lublin,http://www.olx.pl/d/oferta/sprzedam-piekne-nowoczesne-mieszkanie-w-segmencie-z-garazem-CID3-IDKyTXr.html,10690.48,floor_0,yes,secondary,blok,42,two
54,771211294,2022-07-26T15:38:43+02:00,2022-08-16T17:48:50+02:00,193060,Lublin,http://www.olx.pl/d/oferta/zamieszkaj-na-roztoczu-CID3-IDQbWhQ.html,7285.28,floor_1,no,primary,blok,26.5,one
55,751815822,2022-04-21T22:47:13+02:00,2022-08-16T16:15:02+02:00,392000,Lublin,http://www.olx.pl/d/oferta/mieszkanie-3-pokojowe-lsm-ul-skrzatow-CID3-IDOSxDE.html,8166.67,floor_10,yes,secondary,pozostale,48,three
56,775495415,2022-08-17T09:40:00+02:00,2022-08-17T09:42:07+02:00,439000,Lublin,http://www.olx.pl/d/oferta/sprzedam-3-pokoje-biernackiego-12a-wyposazone-miejsce-garazowe-CID3-IDQtTMz.html,9145.83,floor_5,yes,secondary,blok,48,three
57,761005539,2022-06-06T16:35:04+02:00,2022-08-17T17:40:35+02:00,320000,Lublin,http://www.olx.pl/d/oferta/mieszkanie-z-tarasem-2-pokojowe-wrotkow-CID3-IDPw6iT.html,8434.37,floor_0,no,secondary,blok,37.94,two
58,744501317,2022-03-19T16:22:12+01:00,2022-08-16T14:44:33+02:00,339000,Lublin,http://www.olx.pl/d/oferta/mieszkanie-2-pokoje-39-m2-lublin-tumidajskiego-sprzedam-bezposrednio-CID3-IDOnQNL.html,8692.31,floor_7,no,secondary,blok,39,two
59,775323699,2022-08-16T13:50:02+02:00,2022-08-16T14:01:44+02:00,315000,Lublin,http://www.olx.pl/d/oferta/sprzedam-mieszkanie-wlasnosciowe-w-centrum-lublina-CID3-IDQtb6X.html,8076.92,floor_7,no,secondary,blok,39,two
60,735288660,2022-02-06T11:12:14+01:00,2022-08-15T23:04:13+02:00,479000,Lublin,http://www.olx.pl/d/oferta/mieszkanie-3-pokoje-lsm-blisko-politechniki-60m-idealne-pod-wynajem-CID3-IDNLcav.html,7956.81,floor_4,no,secondary,blok,60.2,three
61,766990828,2022-07-06T00:01:44+02:00,2022-08-14T22:46:47+02:00,370000,Lublin,http://www.olx.pl/d/oferta/lublin-srodmiescie-politechnika-37m-puste-CID3-IDPUdlO.html,10000,floor_4,no,secondary,blok,37,two
62,772962423,2022-08-03T22:49:02+02:00,2022-08-16T00:52:10+02:00,450000,Lublin,http://www.olx.pl/d/oferta/gotowiec-inwestycyjny-balladyny-roi-9-10-w-skali-roku-CID3-IDQjgPR.html,8181.82,,yes,secondary,blok,55,four
63,739213859,2022-02-22T17:40:15+01:00,2022-08-16T13:48:21+02:00,722000,Lublin,http://www.olx.pl/d/oferta/sprzedam-mieszkanie-3-pokoje-65-metrow-weglinek-lublin-koralowa-gesia-CID3-IDO1Fib.html,10939.39,floor_4,yes,secondary,blok,66,three
64,775319129,2022-08-16T13:33:48+02:00,2022-08-16T13:35:59+02:00,459000,Lublin,http://www.olx.pl/d/oferta/sprzedam-zarabiajace-m-3-na-lsm-CID3-IDQt9Wf.html,10200,floor_0,yes,secondary,blok,45,three
65,769763214,2022-07-18T20:20:27+02:00,2022-08-16T13:16:11+02:00,590000,Lublin,http://www.olx.pl/d/oferta/mieszkanie-w-metropolitan-park-lublin-CID3-IDQ5QzI.html,10651.74,floor_8,yes,secondary,apartamentowiec,55.39,two
66,766448307,2022-07-03T12:53:12+02:00,2022-08-16T12:15:49+02:00,394000,Lublin,http://www.olx.pl/d/oferta/mieszkanie-2-pokojowe-na-czechowie-CID3-IDPRVdt.html,8347.46,floor_6,yes,secondary,blok,47.2,two
67,768753076,2022-07-13T18:36:22+02:00,2022-08-16T12:11:46+02:00,385900,Lublin,http://www.olx.pl/d/oferta/3-pokoje-z-ogrodkiem-wrotkow-stan-deweloperski-CID3-IDQ1BNa.html,8479.46,floor_0,no,secondary,blok,45.51,three
68,768742542,2022-07-13T17:46:18+02:00,2022-08-16T12:11:35+02:00,690000,Lublin,http://www.olx.pl/d/oferta/ostatnie-mieszkanie-w-blizniaku-na-weglinie-CID3-IDQ1z3g.html,5798.32,floor_1,no,primary,pozostale,119,four
69,775130600,2022-08-15T14:43:42+02:00,2022-08-15T14:49:02+02:00,389000,Lublin,http://www.olx.pl/d/oferta/piekne-mieszkanie-2-pokoje-41m2-pelne-agd-klimatyzacja-CID3-IDQsmSs.html,9487.8,floor_3,yes,secondary,blok,41,two
70,774905172,2022-08-14T10:48:53+02:00,2022-08-16T12:52:46+02:00,999000,Lublin,http://www.olx.pl/d/oferta/piekne-mieszkanie-srodmiescie-2-miejsca-garazowe-CID3-IDQrqev.html,14271.43,floor_1,yes,secondary,blok,70,four
71,756469539,2022-05-14T22:16:39+02:00,2022-08-07T12:11:37+02:00,325000,Lublin,http://www.olx.pl/d/oferta/mieszkanie-3-pokojowe-tatary-CID3-IDPc4hB.html,6993.76,floor_1,yes,secondary,blok,46.47,three
72,753827281,2022-05-02T15:21:03+02:00,2022-08-16T12:03:10+02:00,289982,Lublin,http://www.olx.pl/d/oferta/atrakcyjne-2-pokojowe-mieszkanie-w-niskim-bloku-blisko-uczelni-CID3-IDP0YUx.html,9005.65,floor_0,no,secondary,blok,32.2,two
73,771487516,2022-07-27T18:19:45+02:00,2022-08-15T18:23:22+02:00,307000,Lublin,http://www.olx.pl/d/oferta/2-pokojowe-mieszkanie-43m2-ulica-lwowska-CID3-IDQd592.html,7139.53,floor_2,yes,secondary,blok,43,two
74,773683591,2022-08-07T21:20:52+02:00,2022-08-07T21:29:41+02:00,720000,Lublin,http://www.olx.pl/d/oferta/mieszkanie-na-sprzedaz-osiedle-wiktoryn-CID3-IDQmirB.html,15493.87,floor_1,yes,primary,blok,46.47,one
75,768741304,2022-07-13T17:40:25+02:00,2022-08-16T12:12:14+02:00,750000,Lublin,http://www.olx.pl/d/oferta/atrakcyjne-mieszkanie-dla-rodziny-80-m2-czuby-os-poreba-CID3-IDQ1yJi.html,9433.96,floor_0,yes,secondary,blok,79.5,four
76,771639918,2022-07-28T15:02:10+02:00,2022-08-16T11:23:49+02:00,420000,Lublin,http://www.olx.pl/d/oferta/przytulne-mieszkanie-w-okazyjnej-cenie-CID3-IDQdIN8.html,6953.64,floor_4,yes,secondary,blok,60.4,three
77,740971336,2022-03-03T09:11:33+01:00,2022-08-16T11:16:56+02:00,428000,Lublin,http://www.olx.pl/d/oferta/mieszkanie-3-pokojowe-koryznowej-CID3-IDO92uA.html,8916.67,floor_9,yes,secondary,blok,48,three
78,744501317,2022-03-19T16:22:12+01:00,2022-08-16T14:44:33+02:00,339000,Lublin,http://www.olx.pl/d/oferta/mieszkanie-2-pokoje-39-m2-lublin-tumidajskiego-sprzedam-bezposrednio-CID3-IDOnQNL.html,8692.31,floor_7,no,secondary,blok,39,two
79,746524410,2022-03-28T13:22:02+02:00,2022-08-12T08:37:17+02:00,359000,Lublin,http://www.olx.pl/d/oferta/bez-prowizji-nowoczesne-po-remoncie-dwupokojowe-przyjazni-bezposrednio-CID3-IDOvl6i.html,8348.84,floor_3,no,secondary,blok,43,two
80,767222291,2022-07-07T07:04:59+02:00,2022-08-17T15:56:42+02:00,535000,Lublin,http://www.olx.pl/d/oferta/nowe-mieszkanie-3-pokojowe-wykonczone-ogrodek-ul-kwarcowa-CID3-IDPWbz5.html,10519.07,floor_0,yes,secondary,blok,50.86,three
81,769562091,2022-07-17T21:24:16+02:00,2022-08-16T10:59:46+02:00,310000,Lublin,http://www.olx.pl/d/oferta/mieszkanie-32-2-m2-czechow-ul-skoluby-CID3-IDQ50fN.html,9597.52,floor_2,yes,secondary,blok,32.3,two
82,762334469,2022-06-13T14:09:56+02:00,2022-08-16T10:24:21+02:00,427000,Lublin,http://www.olx.pl/d/oferta/czechow-poludniowy-3-pok-ul-kaprysowa-bezposrednio-CID3-IDPAG1f.html,7544.17,floor_10,yes,secondary,blok,56.6,three
83,768394113,2022-07-12T10:46:30+02:00,2022-08-16T10:15:25+02:00,385000,Lublin,http://www.olx.pl/d/oferta/mieszkanie-48m2-czechow-niski-czynsz-miejsca-parkingowe-balkon-CID3-IDQ06pr.html,8020.83,floor_9,yes,secondary,blok,48,two
84,769316184,2022-07-16T15:37:02+02:00,2022-08-16T10:12:04+02:00,495000,Lublin,http://www.olx.pl/d/oferta/3-pokojowe-mieszkanie-dziewanny-do-wprowadzenia-bez-wkladu-finansowego-CID3-IDQ3Yhy.html,7994.19,floor_1,yes,secondary,blok,61.92,three
85,765612326,2022-06-28T20:50:49+02:00,2022-07-29T10:48:34+02:00,479000,Lublin,http://www.olx.pl/d/oferta/mieszkanie-os-czuby-poreba-3-pokoje-CID3-IDPOqJU.html,7485.54,floor_2,no,secondary,blok,63.99,three
86,774905172,2022-08-14T10:48:53+02:00,2022-08-16T12:52:46+02:00,999000,Lublin,http://www.olx.pl/d/oferta/piekne-mieszkanie-srodmiescie-2-miejsca-garazowe-CID3-IDQrqev.html,14271.43,floor_1,yes,secondary,blok,70,four
87,758324841,2022-05-23T19:22:27+02:00,2022-08-17T14:56:13+02:00,529999,Lublin,http://www.olx.pl/d/oferta/czuby-wysoki-standard-62-5-m2-bezposrednio-CID3-IDPjQWP.html,8479.98,floor_0,no,secondary,blok,62.5,three
88,761005539,2022-06-06T16:35:04+02:00,2022-08-17T17:40:35+02:00,320000,Lublin,http://www.olx.pl/d/oferta/mieszkanie-z-tarasem-2-pokojowe-wrotkow-CID3-IDPw6iT.html,8434.37,floor_0,no,secondary,blok,37.94,two
89,775045572,2022-08-15T00:16:53+02:00,2022-08-15T00:24:32+02:00,500000,Lublin,http://www.olx.pl/d/oferta/mieszkanie-dwupokojowe-49m2-os-chopina-czechow-CID3-IDQs0L2.html,10204.08,floor_6,yes,secondary,blok,49,two
90,772963603,2022-08-03T22:57:03+02:00,2022-08-16T01:00:25+02:00,349700,Lublin,http://www.olx.pl/d/oferta/lsm-2-pokoje-swietny-uklad-CID3-IDQjh8T.html,10760,,no,secondary,blok,32.5,two
91,769763214,2022-07-18T20:20:27+02:00,2022-08-16T13:16:11+02:00,590000,Lublin,http://www.olx.pl/d/oferta/mieszkanie-w-metropolitan-park-lublin-CID3-IDQ5QzI.html,10651.74,floor_8,yes,secondary,apartamentowiec,55.39,two
92,762697264,2022-06-15T10:51:28+02:00,2022-08-14T17:00:14+02:00,339000,Lublin,http://www.olx.pl/d/oferta/mieszkanie-dla-studenta-pary-kalinowszczyzna-ul-okrzei-CID3-IDPCcoM.html,8860.43,floor_8,yes,secondary,blok,38.26,two
93,688029713,2021-07-11T21:12:11+02:00,2022-08-02T09:21:26+02:00,449000,Lublin,http://www.olx.pl/d/oferta/sprzedam-piekne-nowoczesne-mieszkanie-w-segmencie-z-garazem-CID3-IDKyTXr.html,10690.48,floor_0,yes,secondary,blok,42,two
94,773086197,2022-08-04T16:07:12+02:00,2022-08-10T18:16:15+02:00,499000,Lublin,http://www.olx.pl/d/oferta/mieszkanie-2-pokoje-m-postojowe-garderoba-42-4m2-ul-wolinskiego-CID3-IDQjN2d.html,11768.87,floor_2,yes,secondary,blok,42.4,two
95,765612326,2022-06-28T20:50:49+02:00,2022-07-29T10:48:34+02:00,479000,Lublin,http://www.olx.pl/d/oferta/mieszkanie-os-czuby-poreba-3-pokoje-CID3-IDPOqJU.html,7485.54,floor_2,no,secondary,blok,63.99,three
96,775045572,2022-08-15T00:16:53+02:00,2022-08-15T00:24:32+02:00,500000,Lublin,http://www.olx.pl/d/oferta/mieszkanie-dwupokojowe-49m2-os-chopina-czechow-CID3-IDQs0L2.html,10204.08,floor_6,yes,secondary,blok,49,two
97,582175972,2020-01-26T15:05:55+01:00,2022-08-16T08:12:51+02:00,439000,Lublin,http://www.olx.pl/d/oferta/ponikwoda-ul-cyprysowa-pilnie-komorka-i-miejsce-za-szlabanem-CID3-IDDoKz2.html,9145.83,floor_0,yes,secondary,blok,48,three
98,772963603,2022-08-03T22:57:03+02:00,2022-08-16T01:00:25+02:00,349700,Lublin,http://www.olx.pl/d/oferta/lsm-2-pokoje-swietny-uklad-CID3-IDQjh8T.html,10760,,no,secondary,blok,32.5,two
99,735288660,2022-02-06T11:12:14+01:00,2022-08-15T23:04:13+02:00,479000,Lublin,http://www.olx.pl/d/oferta/mieszkanie-3-pokoje-lsm-blisko-politechniki-60m-idealne-pod-wynajem-CID3-IDNLcav.html,7956.81,floor_4,no,secondary,blok,60.2,three
100,764046725,2022-06-22T14:27:54+02:00,2022-08-15T21:56:16+02:00,525000,Lublin,http://www.olx.pl/d/oferta/wykonczone-pod-klucz-51m2-bezposrednio-czuby-CID3-IDPHRsh.html,10294.12,floor_1,yes,secondary,blok,51,three
101,769568585,2022-07-17T21:59:20+02:00,2022-08-15T21:50:02+02:00,471420,Lublin,http://www.olx.pl/d/oferta/58-2-mk-osiedle-prusa-lsm-cena-do-negocjacji-CID3-IDQ51Vx.html,8100,floor_4,no,secondary,blok,58.2,three
102,774684605,2022-08-12T18:45:44+02:00,2022-08-12T18:47:48+02:00,680000,Lublin,http://www.olx.pl/d/oferta/nowy-apartament-3-pok-10min-do-centrum-wronska-3d-z-garazem-majdanek-CID3-IDQquQZ.html,10793.65,floor_1,yes,primary,apartamentowiec,63,three
103,762697264,2022-06-15T10:51:28+02:00,2022-08-14T17:00:14+02:00,339000,Lublin,http://www.olx.pl/d/oferta/mieszkanie-dla-studenta-pary-kalinowszczyzna-ul-okrzei-CID3-IDPCcoM.html,8860.43,floor_8,yes,secondary,blok,38.26,two
104,774707980,2022-08-12T21:14:21+02:00,2022-08-13T16:44:08+02:00,355700,Lublin,http://www.olx.pl/d/oferta/prywatnie-1-pietro-nowy-budynek-ogrodek-plus-parking-gratis-CID3-IDQqAV0.html,5557.81,floor_1,no,primary,pozostale,64,three
105,743423873,2022-03-14T19:28:21+01:00,2022-08-15T21:02:36+02:00,250000,Lublin,http://www.olx.pl/d/oferta/kawalerka-na-sprzedaz-CID3-IDOjkwD.html,12500,floor_1,yes,secondary,blok,20,one
106,772483010,2022-08-01T18:52:20+02:00,2022-08-15T21:01:23+02:00,1222000,Lublin,http://www.olx.pl/d/oferta/m3-idealna-lokalizacja-CID3-IDQhg7o.html,13000,floor_3,no,secondary,kamienica,94,three
107,771487516,2022-07-27T18:19:45+02:00,2022-08-15T18:23:22+02:00,307000,Lublin,http://www.olx.pl/d/oferta/2-pokojowe-mieszkanie-43m2-ulica-lwowska-CID3-IDQd592.html,7139.53,floor_2,yes,secondary,blok,43,two
108,746524410,2022-03-28T13:22:02+02:00,2022-08-12T08:37:17+02:00,359000,Lublin,http://www.olx.pl/d/oferta/bez-prowizji-nowoczesne-po-remoncie-dwupokojowe-przyjazni-bezposrednio-CID3-IDOvl6i.html,8348.84,floor_3,no,secondary,blok,43,two
109,756469539,2022-05-14T22:16:39+02:00,2022-08-07T12:11:37+02:00,325000,Lublin,http://www.olx.pl/d/oferta/mieszkanie-3-pokojowe-tatary-CID3-IDPc4hB.html,6993.76,floor_1,yes,secondary,blok,46.47,three
110,775138041,2022-08-15T15:14:41+02:00,2022-08-15T15:23:14+02:00,253000,Lublin,http://www.olx.pl/d/oferta/nowe-mieszkanie-z-miejscem-postojowym-w-cenie-swidnik-CID3-IDQsoOt.html,9035.71,floor_3,no,secondary,blok,28,one
111,757111083,2022-05-17T21:56:31+02:00,2022-08-15T15:04:23+02:00,450000,Lublin,http://www.olx.pl/d/oferta/3-pokojowe-mieszkanie-czechow-poludniowy-bezposrednio-od-wlasciciela-CID3-IDPeLb5.html,7772.02,floor_3,yes,secondary,blok,57.9,three
112,775130600,2022-08-15T14:43:42+02:00,2022-08-15T14:49:02+02:00,389000,Lublin,http://www.olx.pl/d/oferta/piekne-mieszkanie-2-pokoje-41m2-pelne-agd-klimatyzacja-CID3-IDQsmSs.html,9487.8,floor_3,yes,secondary,blok,41,two
113,765994471,2022-06-30T16:49:21+02:00,2022-08-15T14:40:15+02:00,324500,Lublin,http://www.olx.pl/d/oferta/nowe-2pok-z-ogrodkiem-weglinek-ul-koralowa-czuby-CID3-IDPQ29x.html,8432.95,floor_0,no,primary,blok,38.48,two
114,768069694,2022-07-10T21:33:12+02:00,2022-08-15T14:28:22+02:00,599000,Lublin,http://www.olx.pl/d/oferta/bazylianowka-zamkniete-osiedle-brzozowy-park-72-m2-CID3-IDPYK0S.html,8365.92,floor_1,yes,secondary,blok,71.6,three
115,751293118,2022-04-19T18:35:04+02:00,2022-08-15T13:20:19+02:00,319000,Lublin,http://www.olx.pl/d/oferta/mieszkanie-2-pokoje-parter-lublin-kalinowszczyzna-CID3-IDOQlEV.html,8416.89,floor_0,yes,secondary,blok,37.9,two
116,766990828,2022-07-06T00:01:44+02:00,2022-08-14T22:46:47+02:00,370000,Lublin,http://www.olx.pl/d/oferta/lublin-srodmiescie-politechnika-37m-puste-CID3-IDPUdlO.html,10000,floor_4,no,secondary,blok,37,two
117,766834207,2022-07-05T12:33:49+02:00,2022-08-11T15:35:45+02:00,390000,Lublin,http://www.olx.pl/d/oferta/lsm-dwupokojowe-mieszkanie-po-generalnym-remoncie-CID3-IDPTyBF.html,10263.16,floor_3,no,secondary,blok,38,two
118,772962423,2022-08-03T22:49:02+02:00,2022-08-16T00:52:10+02:00,450000,Lublin,http://www.olx.pl/d/oferta/gotowiec-inwestycyjny-balladyny-roi-9-10-w-skali-roku-CID3-IDQjgPR.html,8181.82,,yes,secondary,blok,55,four
119,775077716,2022-08-15T11:15:47+02:00,2022-08-15T11:22:00+02:00,285000,Lublin,http://www.olx.pl/d/oferta/mieszkanie-2-pokoje-34-53m2-CID3-IDQs97u.html,8253.69,floor_0,yes,secondary,blok,34.53,two
120,765612326,2022-06-28T20:50:49+02:00,2022-07-29T10:48:34+02:00,479000,Lublin,http://www.olx.pl/d/oferta/mieszkanie-os-czuby-poreba-3-pokoje-CID3-IDPOqJU.html,7485.54,floor_2,no,secondary,blok,63.99,three
121,764046725,2022-06-22T14:27:54+02:00,2022-08-15T21:56:16+02:00,525000,Lublin,http://www.olx.pl/d/oferta/wykonczone-pod-klucz-51m2-bezposrednio-czuby-CID3-IDPHRsh.html,10294.12,floor_1,yes,secondary,blok,51,three
122,744501317,2022-03-19T16:22:12+01:00,2022-08-16T14:44:33+02:00,339000,Lublin,http://www.olx.pl/d/oferta/mieszkanie-2-pokoje-39-m2-lublin-tumidajskiego-sprzedam-bezposrednio-CID3-IDOnQNL.html,8692.31,floor_7,no,secondary,blok,39,two
123,743927433,2022-03-17T00:39:23+01:00,2022-07-29T17:25:16+02:00,335000,Lublin,http://www.olx.pl/d/oferta/mieszkanie-lublin-ul-okrzei-37m2-piwnica-ogloszenie-prywatne-CID3-IDOlrwz.html,9054.05,floor_2,yes,secondary,blok,37,two
124,769763214,2022-07-18T20:20:27+02:00,2022-08-16T13:16:11+02:00,590000,Lublin,http://www.olx.pl/d/oferta/mieszkanie-w-metropolitan-park-lublin-CID3-IDQ5QzI.html,10651.74,floor_8,yes,secondary,apartamentowiec,55.39,two
125,773926466,2022-08-09T07:03:17+02:00,2022-08-15T09:08:24+02:00,445000,Lublin,http://www.olx.pl/d/oferta/sprzedam-mieszkanie-2-pokoje-56m2-CID3-IDQnjCV.html,7946.43,floor_1,no,secondary,blok,56,two
126,773856554,2022-08-08T18:46:41+02:00,2022-08-15T07:20:33+02:00,489000,Lublin,http://www.olx.pl/d/oferta/przestronne-mieszkanie-na-czubach-na-sprzedaz-ul-romantyczna-CID3-IDQn1rk.html,8042.76,floor_2,yes,secondary,blok,60.8,three
127,775045572,2022-08-15T00:16:53+02:00,2022-08-15T00:24:32+02:00,500000,Lublin,http://www.olx.pl/d/oferta/mieszkanie-dwupokojowe-49m2-os-chopina-czechow-CID3-IDQs0L2.html,10204.08,floor_6,yes,secondary,blok,49,two
128,772259486,2022-07-31T18:34:35+02:00,2022-08-14T20:44:20+02:00,479000,Lublin,http://www.olx.pl/d/oferta/mieszkanie-blisko-centrum-wysoki-standard-z-garazem-CID3-IDQgjYa.html,9373.78,floor_2,yes,secondary,blok,51.1,two
129,771764814,2022-07-29T10:24:29+02:00,2022-08-14T20:00:37+02:00,740000,Lublin,http://www.olx.pl/d/oferta/mieszkanie-74m-2019rok-ul-jantarowa-plus-2-garaze-CID3-IDQefhA.html,10000,floor_5,yes,secondary,blok,74,four
130,770970374,2022-07-25T13:39:20+02:00,2022-08-14T16:02:37+02:00,179000,Lublin,http://www.olx.pl/d/oferta/kawalerka-nowa-w-pelni-wyposazona-ksiega-wieczysta-CID3-IDQaUC2.html,13259.26,floor_1,yes,secondary,kamienica,13.5,one
131,766990828,2022-07-06T00:01:44+02:00,2022-08-14T22:46:47+02:00,370000,Lublin,http://www.olx.pl/d/oferta/lublin-srodmiescie-politechnika-37m-puste-CID3-IDPUdlO.html,10000,floor_4,no,secondary,blok,37,two
132,773244167,2022-08-05T14:05:05+02:00,2022-08-12T16:16:20+02:00,369000,Lublin,http://www.olx.pl/d/oferta/bronowice-mieszkanie-3-pok-60-mkw-bez-posrednikow-CID3-IDQks87.html,6150,floor_0,yes,secondary,blok,60,three
133,775495415,2022-08-17T09:40:00+02:00,2022-08-17T09:42:07+02:00,439000,Lublin,http://www.olx.pl/d/oferta/sprzedam-3-pokoje-biernackiego-12a-wyposazone-miejsce-garazowe-CID3-IDQtTMz.html,9145.83,floor_5,yes,secondary,blok,48,three
134,774961135,2022-08-14T15:03:34+02:00,2022-08-14T15:20:46+02:00,395000,Lublin,http://www.olx.pl/d/oferta/mieszkanie-2-pokoje-z-miejscem-parkingowym-CID3-IDQrEN9.html,8130.92,floor_1,no,secondary,blok,48.58,two
135,769058268,2022-07-15T10:49:02+02:00,2022-08-14T14:37:18+02:00,425000,Lublin,http://www.olx.pl/d/oferta/mieszkanie-na-sprzedaz-CID3-IDQ2TbC.html,6854.84,floor_0,no,secondary,blok,62,three
136,774938400,2022-08-14T13:17:35+02:00,2022-08-14T13:23:19+02:00,370000,Lublin,http://www.olx.pl/d/oferta/2-pokojowe-mieszkanie-gotowe-do-zamieszkania-CID3-IDQrySs.html,9736.84,floor_10,yes,secondary,blok,38,two
137,766834207,2022-07-05T12:33:49+02:00,2022-08-11T15:35:45+02:00,390000,Lublin,http://www.olx.pl/d/oferta/lsm-dwupokojowe-mieszkanie-po-generalnym-remoncie-CID3-IDPTyBF.html,10263.16,floor_3,no,secondary,blok,38,two
138,762697264,2022-06-15T10:51:28+02:00,2022-08-14T17:00:14+02:00,339000,Lublin,http://www.olx.pl/d/oferta/mieszkanie-dla-studenta-pary-kalinowszczyzna-ul-okrzei-CID3-IDPCcoM.html,8860.43,floor_8,yes,secondary,blok,38.26,two
139,772116098,2022-07-31T09:29:34+02:00,2022-08-14T10:24:38+02:00,599000,Lublin,http://www.olx.pl/d/oferta/nowoczesne-piekne-mieszkanie-CID3-IDQfIFs.html,10890.91,floor_3,yes,secondary,blok,55,two
140,662700840,2021-03-07T15:51:30+01:00,2022-08-14T09:59:44+02:00,410000,Lublin,http://www.olx.pl/d/oferta/sprzedam-mieszkanie-ul-jantarowa-CID3-IDIQCLe.html,8266.13,floor_3,no,secondary,blok,49.6,two
141,773244167,2022-08-05T14:05:05+02:00,2022-08-12T16:16:20+02:00,369000,Lublin,http://www.olx.pl/d/oferta/bronowice-mieszkanie-3-pok-60-mkw-bez-posrednikow-CID3-IDQks87.html,6150,floor_0,yes,secondary,blok,60,three
142,735288660,2022-02-06T11:12:14+01:00,2022-08-15T23:04:13+02:00,479000,Lublin,http://www.olx.pl/d/oferta/mieszkanie-3-pokoje-lsm-blisko-politechniki-60m-idealne-pod-wynajem-CID3-IDNLcav.html,7956.81,floor_4,no,secondary,blok,60.2,three
143,764046725,2022-06-22T14:27:54+02:00,2022-08-15T21:56:16+02:00,525000,Lublin,http://www.olx.pl/d/oferta/wykonczone-pod-klucz-51m2-bezposrednio-czuby-CID3-IDPHRsh.html,10294.12,floor_1,yes,secondary,blok,51,three
144,769316184,2022-07-16T15:37:02+02:00,2022-08-16T10:12:04+02:00,495000,Lublin,http://www.olx.pl/d/oferta/3-pokojowe-mieszkanie-dziewanny-do-wprowadzenia-bez-wkladu-finansowego-CID3-IDQ3Yhy.html,7994.19,floor_1,yes,secondary,blok,61.92,three
145,773683591,2022-08-07T21:20:52+02:00,2022-08-07T21:29:41+02:00,720000,Lublin,http://www.olx.pl/d/oferta/mieszkanie-na-sprzedaz-osiedle-wiktoryn-CID3-IDQmirB.html,15493.87,floor_1,yes,primary,blok,46.47,one
146,756469539,2022-05-14T22:16:39+02:00,2022-08-07T12:11:37+02:00,325000,Lublin,http://www.olx.pl/d/oferta/mieszkanie-3-pokojowe-tatary-CID3-IDPc4hB.html,6993.76,floor_1,yes,secondary,blok,46.47,three
147,774861799,2022-08-13T20:31:37+02:00,2022-08-13T20:36:48+02:00,360000,Lublin,http://www.olx.pl/d/oferta/sprzedam-mieszkanie-na-czechowie-CID3-IDQreVX.html,8000,floor_1,no,secondary,blok,45,two
148,774601305,2022-08-12T12:18:32+02:00,2022-08-13T20:19:38+02:00,309000,Lublin,http://www.olx.pl/d/oferta/m5-58-m2-ivp-iv-p-mozliwosc-kupna-z-garazem-CID3-IDQq9br.html,5318.42,floor_4,yes,secondary,blok,58.1,four
149,774850222,2022-08-13T19:08:42+02:00,2022-08-13T19:10:48+02:00,465000,Lublin,http://www.olx.pl/d/oferta/2-pokoje-2-pietro-rogatka-warszawska-CID3-IDQrbVe.html,8611.11,floor_2,yes,secondary,blok,54,two
150,768579580,2022-07-12T22:17:45+02:00,2022-08-13T17:45:42+02:00,420000,Lublin,http://www.olx.pl/d/oferta/mieszkanie-po-remoncie-49m2-3-pokoje-oddzielna-kuchnia-dwustronne-CID3-IDQ0SEQ.html,8571.43,floor_0,no,secondary,blok,49,three
151,774812107,2022-08-13T15:35:28+02:00,2022-08-13T15:39:42+02:00,377160,Lublin,http://www.olx.pl/d/oferta/mieszkanie-2-3-pokoje45m2klucze-na-juz-CID3-IDQr21t.html,8400,floor_3,no,secondary,blok,44.9,two
152,770576657,2022-07-23T07:24:13+02:00,2022-08-13T09:32:12+02:00,440000,Lublin,http://www.olx.pl/d/oferta/i-e-pietro-4-pokoje-bardzo-dobra-lokalizacja-szybki-termin-wydania-CID3-IDQ9gbL.html,7370.18,floor_1,yes,secondary,blok,59.7,four
153,762697264,2022-06-15T10:51:28+02:00,2022-08-14T17:00:14+02:00,339000,Lublin,http://www.olx.pl/d/oferta/mieszkanie-dla-studenta-pary-kalinowszczyzna-ul-okrzei-CID3-IDPCcoM.html,8860.43,floor_8,yes,secondary,blok,38.26,two
154,774684605,2022-08-12T18:45:44+02:00,2022-08-12T18:47:48+02:00,680000,Lublin,http://www.olx.pl/d/oferta/nowy-apartament-3-pok-10min-do-centrum-wronska-3d-z-garazem-majdanek-CID3-IDQquQZ.html,10793.65,floor_1,yes,primary,apartamentowiec,63,three
155,768760966,2022-07-13T19:14:44+02:00,2022-08-13T14:05:34+02:00,599000,Lublin,http://www.olx.pl/d/oferta/mieszkanie-77-m2-3-pokoje-jadalnia-w-pelni-umeblowane-agd-garaz-CID3-IDQ1DQq.html,7765.1,floor_0,yes,secondary,blok,77.14,three
156,775130600,2022-08-15T14:43:42+02:00,2022-08-15T14:49:02+02:00,389000,Lublin,http://www.olx.pl/d/oferta/piekne-mieszkanie-2-pokoje-41m2-pelne-agd-klimatyzacja-CID3-IDQsmSs.html,9487.8,floor_3,yes,secondary,blok,41,two
157,773086197,2022-08-04T16:07:12+02:00,2022-08-10T18:16:15+02:00,499000,Lublin,http://www.olx.pl/d/oferta/mieszkanie-2-pokoje-m-postojowe-garderoba-42-4m2-ul-wolinskiego-CID3-IDQjN2d.html,11768.87,floor_2,yes,secondary,blok,42.4,two
158,774707980,2022-08-12T21:14:21+02:00,2022-08-13T16:44:08+02:00,355700,Lublin,http://www.olx.pl/d/oferta/prywatnie-1-pietro-nowy-budynek-ogrodek-plus-parking-gratis-CID3-IDQqAV0.html,5557.81,floor_1,no,primary,pozostale,64,three
159,773138831,2022-08-04T20:35:26+02:00,2022-08-13T11:26:03+02:00,750000,Lublin,http://www.olx.pl/d/oferta/mieszkanie-z-garazem-dzialka-rekreacyjna-CID3-IDQk0J9.html,11363.64,floor_1,yes,secondary,blok,66,three
160,770578955,2022-07-23T08:11:26+02:00,2022-08-13T10:16:20+02:00,490000,Lublin,http://www.olx.pl/d/oferta/3-pokoje-bursztynowa-bezposrednio-CID3-IDQ9gMP.html,7840,floor_3,yes,secondary,blok,62.5,three
161,735288660,2022-02-06T11:12:14+01:00,2022-08-15T23:04:13+02:00,479000,Lublin,http://www.olx.pl/d/oferta/mieszkanie-3-pokoje-lsm-blisko-politechniki-60m-idealne-pod-wynajem-CID3-IDNLcav.html,7956.81,floor_4,no,secondary,blok,60.2,three
162,774684605,2022-08-12T18:45:44+02:00,2022-08-12T18:47:48+02:00,680000,Lublin,http://www.olx.pl/d/oferta/nowy-apartament-3-pok-10min-do-centrum-wronska-3d-z-garazem-majdanek-CID3-IDQquQZ.html,10793.65,floor_1,yes,primary,apartamentowiec,63,three
163,774905172,2022-08-14T10:48:53+02:00,2022-08-16T12:52:46+02:00,999000,Lublin,http://www.olx.pl/d/oferta/piekne-mieszkanie-srodmiescie-2-miejsca-garazowe-CID3-IDQrqev.html,14271.43,floor_1,yes,secondary,blok,70,four
164,768741304,2022-07-13T17:40:25+02:00,2022-08-16T12:12:14+02:00,750000,Lublin,http://www.olx.pl/d/oferta/atrakcyjne-mieszkanie-dla-rodziny-80-m2-czuby-os-poreba-CID3-IDQ1yJi.html,9433.96,floor_0,yes,secondary,blok,79.5,four
165,769763214,2022-07-18T20:20:27+02:00,2022-08-16T13:16:11+02:00,590000,Lublin,http://www.olx.pl/d/oferta/mieszkanie-w-metropolitan-park-lublin-CID3-IDQ5QzI.html,10651.74,floor_8,yes,secondary,apartamentowiec,55.39,two
166,773683591,2022-08-07T21:20:52+02:00,2022-08-07T21:29:41+02:00,720000,Lublin,http://www.olx.pl/d/oferta/mieszkanie-na-sprzedaz-osiedle-wiktoryn-CID3-IDQmirB.html,15493.87,floor_1,yes,primary,blok,46.47,one
167,770576657,2022-07-23T07:24:13+02:00,2022-08-13T09:32:12+02:00,440000,Lublin,http://www.olx.pl/d/oferta/i-e-pietro-4-pokoje-bardzo-dobra-lokalizacja-szybki-termin-wydania-CID3-IDQ9gbL.html,7370.18,floor_1,yes,secondary,blok,59.7,four
168,771003210,2022-07-25T15:56:09+02:00,2022-08-13T06:52:19+02:00,460000,Lublin,http://www.olx.pl/d/oferta/mieszkanie-os-dziesiata-blok-4-pietro-CID3-IDQb39E.html,9583.33,floor_4,yes,secondary,blok,48,three
169,735987301,2022-02-08T23:54:43+01:00,2022-08-13T00:42:50+02:00,329000,Lublin,http://www.olx.pl/d/oferta/mieszkanie-na-sprzedaz-3-pokoje-53-6m2-lublin-ul-przyjazni-CID3-IDNO7UW.html,6138.06,floor_3,no,secondary,blok,53.6,three
170,750630666,2022-04-15T11:15:57+02:00,2022-08-12T20:41:31+02:00,430000,Lublin,http://www.olx.pl/d/oferta/mieszkanie-ul-krysztalowa-CID3-IDONzke.html,7402.31,floor_0,no,primary,blok,58.09,three
171,775138041,2022-08-15T15:14:41+02:00,2022-08-15T15:23:14+02:00,253000,Lublin,http://www.olx.pl/d/oferta/nowe-mieszkanie-z-miejscem-postojowym-w-cenie-swidnik-CID3-IDQsoOt.html,9035.71,floor_3,no,secondary,blok,28,one
172,754917703,2022-05-07T14:00:07+02:00,2022-08-17T09:53:11+02:00,289000,Lublin,http://www.olx.pl/d/oferta/sprzedam-2-pokoje-51-m-bronowice-pilne-CID3-IDP5yzZ.html,5666.67,floor_1,yes,secondary,kamienica,51,three
173,768069694,2022-07-10T21:33:12+02:00,2022-08-15T14:28:22+02:00,599000,Lublin,http://www.olx.pl/d/oferta/bazylianowka-zamkniete-osiedle-brzozowy-park-72-m2-CID3-IDPYK0S.html,8365.92,floor_1,yes,secondary,blok,71.6,three
174,771557410,2022-07-28T08:03:28+02:00,2022-08-12T19:35:17+02:00,499000,Lublin,http://www.olx.pl/d/oferta/mieszkanie-na-dozynkowej-CID3-IDQdnkm.html,8316.67,floor_3,yes,secondary,blok,60,three
175,774684921,2022-08-12T18:47:35+02:00,2022-08-12T18:54:05+02:00,899000,Lublin,http://www.olx.pl/d/oferta/blok-10-mieszkan-przy-s-19-swietny-dojazd-do-krasnika-janowa-i-lublina-CID3-IDQquV5.html,1123.75,,no,primary,blok,800,three
176,774674829,2022-08-12T17:51:09+02:00,2022-08-12T17:56:44+02:00,930435,Lublin,http://www.olx.pl/d/oferta/mieszkanie-nowe-budownictwo-z-2020-roku-CID3-IDQqsjj.html,16500,floor_0,yes,secondary,blok,56.39,two
177,773244167,2022-08-05T14:05:05+02:00,2022-08-12T16:16:20+02:00,369000,Lublin,http://www.olx.pl/d/oferta/bronowice-mieszkanie-3-pok-60-mkw-bez-posrednikow-CID3-IDQks87.html,6150,floor_0,yes,secondary,blok,60,three
178,768399715,2022-07-12T11:08:41+02:00,2022-08-12T15:54:58+02:00,359000,Lublin,http://www.olx.pl/d/oferta/przytulne-mieszkanie-na-bajkowej-50m2-CID3-IDQ07RN.html,7180,floor_2,yes,secondary,blok,50,two
179,772963603,2022-08-03T22:57:03+02:00,2022-08-16T01:00:25+02:00,349700,Lublin,http://www.olx.pl/d/oferta/lsm-2-pokoje-swietny-uklad-CID3-IDQjh8T.html,10760,,no,secondary,blok,32.5,two
180,771487516,2022-07-27T18:19:45+02:00,2022-08-15T18:23:22+02:00,307000,Lublin,http://www.olx.pl/d/oferta/2-pokojowe-mieszkanie-43m2-ulica-lwowska-CID3-IDQd592.html,7139.53,floor_2,yes,secondary,blok,43,two
181,772962423,2022-08-03T22:49:02+02:00,2022-08-16T00:52:10+02:00,450000,Lublin,http://www.olx.pl/d/oferta/gotowiec-inwestycyjny-balladyny-roi-9-10-w-skali-roku-CID3-IDQjgPR.html,8181.82,,yes,secondary,blok,55,four
182,724426877,2021-12-15T22:03:43+01:00,2022-08-12T14:54:44+02:00,335000,Lublin,http://www.olx.pl/d/oferta/mieszkanie-2-pokojowe-kalinowszczyzna-akademiamedyczna-centrum-15-min-CID3-IDN1Cvt.html,9054.05,floor_2,yes,secondary,blok,37,two
183,774625205,2022-08-12T14:20:34+02:00,2022-08-12T14:35:24+02:00,490000,Lublin,http://www.olx.pl/d/oferta/mieszkanie-3-pokojowe-lsm-ul-gliniana-CID3-IDQqfoW.html,9819.64,floor_4,yes,secondary,blok,49.9,three
184,772288373,2022-07-31T20:24:17+02:00,2022-08-12T14:35:05+02:00,1250000,Lublin,http://www.olx.pl/d/oferta/mieszkanie-99-5-m2-lublin-lsm-prywatnie-CID3-IDQgru5.html,12562.81,floor_4,yes,secondary,apartamentowiec,99.5,three
185,751932294,2022-04-22T15:40:30+02:00,2022-08-12T13:52:36+02:00,500000,Lublin,http://www.olx.pl/d/oferta/mieszkanie-60m2-lublin-ul-wschodnia-CID3-IDOT1Ve.html,8333.33,floor_1,yes,secondary,blok,60,two
186,771768940,2022-07-29T10:44:33+02:00,2022-08-12T12:48:42+02:00,646800,Lublin,http://www.olx.pl/d/oferta/nowe-biuro-mieszkanie-kwarcowa-lublin-CID3-IDQegm8.html,11000,floor_0,yes,primary,apartamentowiec,58.8,three
187,764046725,2022-06-22T14:27:54+02:00,2022-08-15T21:56:16+02:00,525000,Lublin,http://www.olx.pl/d/oferta/wykonczone-pod-klucz-51m2-bezposrednio-czuby-CID3-IDPHRsh.html,10294.12,floor_1,yes,secondary,blok,51,three
188,771487516,2022-07-27T18:19:45+02:00,2022-08-15T18:23:22+02:00,307000,Lublin,http://www.olx.pl/d/oferta/2-pokojowe-mieszkanie-43m2-ulica-lwowska-CID3-IDQd592.html,7139.53,floor_2,yes,secondary,blok,43,two
189,744501317,2022-03-19T16:22:12+01:00,2022-08-16T14:44:33+02:00,339000,Lublin,http://www.olx.pl/d/oferta/mieszkanie-2-pokoje-39-m2-lublin-tumidajskiego-sprzedam-bezposrednio-CID3-IDOnQNL.html,8692.31,floor_7,no,secondary,blok,39,two
190,699438897,2021-09-05T15:00:22+02:00,2022-08-12T11:55:39+02:00,490000,Lublin,http://www.olx.pl/d/oferta/mieszkanie-3-pokojowe-czuby-os-gorki-CID3-IDLkM0x.html,7777.78,floor_1,yes,secondary,pozostale,63,three
191,771531574,2022-07-27T21:55:54+02:00,2022-08-12T10:50:54+02:00,359000,Lublin,http://www.olx.pl/d/oferta/mieszkanie-w-centrum-miasteczka-akademickiego-CID3-IDQdgBE.html,12821.43,floor_1,yes,secondary,blok,28,one
192,771307569,2022-07-26T21:48:31+02:00,2022-08-12T10:24:13+02:00,660000,Lublin,http://www.olx.pl/d/oferta/mieszkanie-3-pokojowe-CID3-IDQckkF.html,11000,floor_2,yes,secondary,blok,60,three
193,770184513,2022-07-20T21:25:17+02:00,2022-08-12T10:13:13+02:00,418000,Lublin,http://www.olx.pl/d/oferta/3-pokoje-w-gotowej-inwestycji-07-2022-odbior-jantarowa-sm-CID3-IDQ7CaR.html,7689.48,floor_1,no,primary,apartamentowiec,54.36,three
194,767222291,2022-07-07T07:04:59+02:00,2022-08-17T15:56:42+02:00,535000,Lublin,http://www.olx.pl/d/oferta/nowe-mieszkanie-3-pokojowe-wykonczone-ogrodek-ul-kwarcowa-CID3-IDPWbz5.html,10519.07,floor_0,yes,secondary,blok,50.86,three
195,765612326,2022-06-28T20:50:49+02:00,2022-07-29T10:48:34+02:00,479000,Lublin,http://www.olx.pl/d/oferta/mieszkanie-os-czuby-poreba-3-pokoje-CID3-IDPOqJU.html,7485.54,floor_2,no,secondary,blok,63.99,three
196,766927595,2022-07-05T18:46:22+02:00,2022-08-12T10:05:48+02:00,345000,Lublin,http://www.olx.pl/d/oferta/mieszkanie-politechnika-parter-37m-CID3-IDPTVTW.html,9324.32,floor_0,yes,secondary,blok,37,two
197,754917703,2022-05-07T14:00:07+02:00,2022-08-17T09:53:11+02:00,289000,Lublin,http://www.olx.pl/d/oferta/sprzedam-2-pokoje-51-m-bronowice-pilne-CID3-IDP5yzZ.html,5666.67,floor_1,yes,secondary,kamienica,51,three
198,746524410,2022-03-28T13:22:02+02:00,2022-08-12T08:37:17+02:00,359000,Lublin,http://www.olx.pl/d/oferta/bez-prowizji-nowoczesne-po-remoncie-dwupokojowe-przyjazni-bezposrednio-CID3-IDOvl6i.html,8348.84,floor_3,no,secondary,blok,43,two
199,769316184,2022-07-16T15:37:02+02:00,2022-08-16T10:12:04+02:00,495000,Lublin,http://www.olx.pl/d/oferta/3-pokojowe-mieszkanie-dziewanny-do-wprowadzenia-bez-wkladu-finansowego-CID3-IDQ3Yhy.html,7994.19,floor_1,yes,secondary,blok,61.92,three
200,768069694,2022-07-10T21:33:12+02:00,2022-08-15T14:28:22+02:00,599000,Lublin,http://www.olx.pl/d/oferta/bazylianowka-zamkniete-osiedle-brzozowy-park-72-m2-CID3-IDPYK0S.html,8365.92,floor_1,yes,secondary,blok,71.6,three
201,775045572,2022-08-15T00:16:53+02:00,2022-08-15T00:24:32+02:00,500000,Lublin,http://www.olx.pl/d/oferta/mieszkanie-dwupokojowe-49m2-os-chopina-czechow-CID3-IDQs0L2.html,10204.08,floor_6,yes,secondary,blok,49,two
202,761005539,2022-06-06T16:35:04+02:00,2022-08-17T17:40:35+02:00,320000,Lublin,http://www.olx.pl/d/oferta/mieszkanie-z-tarasem-2-pokojowe-wrotkow-CID3-IDPw6iT.html,8434.37,floor_0,no,secondary,blok,37.94,two
203,775130600,2022-08-15T14:43:42+02:00,2022-08-15T14:49:02+02:00,389000,Lublin,http://www.olx.pl/d/oferta/piekne-mieszkanie-2-pokoje-41m2-pelne-agd-klimatyzacja-CID3-IDQsmSs.html,9487.8,floor_3,yes,secondary,blok,41,two
204,773086197,2022-08-04T16:07:12+02:00,2022-08-10T18:16:15+02:00,499000,Lublin,http://www.olx.pl/d/oferta/mieszkanie-2-pokoje-m-postojowe-garderoba-42-4m2-ul-wolinskiego-CID3-IDQjN2d.html,11768.87,floor_2,yes,secondary,blok,42.4,two
205,754917703,2022-05-07T14:00:07+02:00,2022-08-17T09:53:11+02:00,289000,Lublin,http://www.olx.pl/d/oferta/sprzedam-2-pokoje-51-m-bronowice-pilne-CID3-IDP5yzZ.html,5666.67,floor_1,yes,secondary,kamienica,51,three
206,735780321,2022-02-08T09:56:18+01:00,2022-08-12T09:00:48+02:00,595000,Lublin,http://www.olx.pl/d/oferta/mieszkanie-61m-relaksowa-CID3-IDNNg4x.html,9754.1,floor_0,yes,secondary,blok,61,three
207,693722121,2021-08-12T15:09:18+02:00,2022-08-12T08:56:46+02:00,369000,Lublin,http://www.olx.pl/d/oferta/mieszkanie-2-pokoje-niecala-CID3-IDKVMOt.html,8581.4,floor_4,yes,secondary,kamienica,43,two
208,743265799,2022-03-14T09:36:59+01:00,2022-08-12T08:54:10+02:00,485000,Lublin,http://www.olx.pl/d/oferta/mieszkanie-inwestycyjne-4-pokoje-lsm-CID3-IDOiFo3.html,8362.07,floor_4,no,secondary,blok,58,four
209,770729962,2022-07-24T08:51:14+02:00,2022-08-12T05:17:11+02:00,549999,Lublin,http://www.olx.pl/d/oferta/apartament-wysoki-standard-klucz-mieszkanie-52-45-jantarowa-lublin-CID3-IDQ9U4q.html,10486.16,floor_5,yes,secondary,blok,52.45,two
210,774530344,2022-08-11T21:26:54+02:00,2022-08-11T21:31:46+02:00,390000,Lublin,http://www.olx.pl/d/oferta/sprzedam-mieszkanie-CID3-IDQpQIU.html,11174.79,floor_3,yes,secondary,blok,34.9,one
211,767728613,2022-07-09T11:39:37+02:00,2022-08-17T13:28:34+02:00,1800000,Lublin,http://www.olx.pl/d/oferta/piekny-150m-apartament-4-pokoje-dwie-lazienki-winda-2-garaze-CID3-IDPXjhz.html,12000,floor_3,yes,secondary,blok,150,four
212,771487516,2022-07-27T18:19:45+02:00,2022-08-15T18:23:22+02:00,307000,Lublin,http://www.olx.pl/d/oferta/2-pokojowe-mieszkanie-43m2-ulica-lwowska-CID3-IDQd592.html,7139.53,floor_2,yes,secondary,blok,43,two
213,764046725,2022-06-22T14:27:54+02:00,2022-08-15T21:56:16+02:00,525000,Lublin,http://www.olx.pl/d/oferta/wykonczone-pod-klucz-51m2-bezposrednio-czuby-CID3-IDPHRsh.html,10294.12,floor_1,yes,secondary,blok,51,three
214,774313805,2022-08-10T20:27:24+02:00,2022-08-11T17:51:16+02:00,399000,Lublin,http://www.olx.pl/d/oferta/sloneczne-mieszkanie-60m2-3-pokoje-bronowice-lublin-CID3-IDQoVol.html,6650,floor_4,yes,secondary,blok,60,three
215,771159161,2022-07-26T12:24:14+02:00,2022-08-11T17:37:09+02:00,485000,Lublin,http://www.olx.pl/d/oferta/mieszkanie-62m2-ul-braci-wieniawskich-1-czechow-CID3-IDQbHIZ.html,7822.58,floor_6,yes,secondary,blok,62,three
216,774463768,2022-08-11T15:54:06+02:00,2022-08-11T15:56:16+02:00,339000,Lublin,http://www.olx.pl/d/oferta/dwupokojowe-mieszkanie-po-remoncie-kalinowszczyzna-CID3-IDQpzp6.html,8692.31,floor_6,yes,secondary,blok,39,two
217,774461698,2022-08-11T15:44:40+02:00,2022-08-11T15:46:44+02:00,250000,Lublin,http://www.olx.pl/d/oferta/dwupokojowe-mieszkanie-na-dziesiatej-bez-piecyka-gazowego-CID3-IDQpyRI.html,6834.34,floor_1,yes,secondary,kamienica,36.58,two
218,766834207,2022-07-05T12:33:49+02:00,2022-08-11T15:35:45+02:00,390000,Lublin,http://www.olx.pl/d/oferta/lsm-dwupokojowe-mieszkanie-po-generalnym-remoncie-CID3-IDPTyBF.html,10263.16,floor_3,no,secondary,blok,38,two
219,761005539,2022-06-06T16:35:04+02:00,2022-08-17T17:40:35+02:00,320000,Lublin,http://www.olx.pl/d/oferta/mieszkanie-z-tarasem-2-pokojowe-wrotkow-CID3-IDPw6iT.html,8434.37,floor_0,no,secondary,blok,37.94,two
220,774684605,2022-08-12T18:45:44+02:00,2022-08-12T18:47:48+02:00,680000,Lublin,http://www.olx.pl/d/oferta/nowy-apartament-3-pok-10min-do-centrum-wronska-3d-z-garazem-majdanek-CID3-IDQquQZ.html,10793.65,floor_1,yes,primary,apartamentowiec,63,three
221,773683591,2022-08-07T21:20:52+02:00,2022-08-07T21:29:41+02:00,720000,Lublin,http://www.olx.pl/d/oferta/mieszkanie-na-sprzedaz-osiedle-wiktoryn-CID3-IDQmirB.html,15493.87,floor_1,yes,primary,blok,46.47,one
222,774445287,2022-08-11T14:34:35+02:00,2022-08-11T14:50:32+02:00,370000,Lublin,http://www.olx.pl/d/oferta/sprzedam-mieszkanie-10-minut-piechota-do-centrum-lublina-CID3-IDQpuB1.html,7676.35,floor_10,yes,secondary,blok,48.2,three
223,768094413,2022-07-11T04:30:28+02:00,2022-08-11T14:41:15+02:00,330000,Lublin,http://www.olx.pl/d/oferta/sprzedam-mieszkanie-3pokojowe-CID3-IDPYQrz.html,7333.33,floor_8,yes,secondary,blok,45,three
224,774438024,2022-08-11T14:07:18+02:00,2022-08-11T14:14:08+02:00,310000,Lublin,http://www.olx.pl/d/oferta/2-pokojowe-mieszkanie-33-5m2-umeblowane-ul-motorowa-CID3-IDQpsHS.html,9253.73,floor_3,yes,secondary,blok,33.5,two
225,770576657,2022-07-23T07:24:13+02:00,2022-08-13T09:32:12+02:00,440000,Lublin,http://www.olx.pl/d/oferta/i-e-pietro-4-pokoje-bardzo-dobra-lokalizacja-szybki-termin-wydania-CID3-IDQ9gbL.html,7370.18,floor_1,yes,secondary,blok,59.7,four
226,775495415,2022-08-17T09:40:00+02:00,2022-08-17T09:42:07+02:00,439000,Lublin,http://www.olx.pl/d/oferta/sprzedam-3-pokoje-biernackiego-12a-wyposazone-miejsce-garazowe-CID3-IDQtTMz.html,9145.83,floor_5,yes,secondary,blok,48,three
227,746524410,2022-03-28T13:22:02+02:00,2022-08-12T08:37:17+02:00,359000,Lublin,http://www.olx.pl/d/oferta/bez-prowizji-nowoczesne-po-remoncie-dwupokojowe-przyjazni-bezposrednio-CID3-IDOvl6i.html,8348.84,floor_3,no,secondary,blok,43,two
228,752351460,2022-04-24T17:56:34+02:00,2022-08-11T13:19:04+02:00,265000,Lublin,http://www.olx.pl/d/oferta/mieszkanie-2-pokojowe-do-sprzedania-na-parterze-CID3-IDOUMYY.html,8204.33,floor_0,yes,secondary,blok,32.3,two
229,763008866,2022-06-17T08:58:50+02:00,2022-08-11T12:47:05+02:00,489000,Lublin,http://www.olx.pl/d/oferta/mieszkanie-3-pokojowe-CID3-IDPDwsC.html,8489.58,floor_0,yes,secondary,blok,57.6,three
230,774412027,2022-08-11T12:21:03+02:00,2022-08-11T12:26:03+02:00,330000,Lublin,http://www.olx.pl/d/oferta/sprzedam-mieszkanie-nowy-swiat-CID3-IDQplVz.html,8967.39,floor_2,yes,secondary,blok,36.8,one
231,768741304,2022-07-13T17:40:25+02:00,2022-08-16T12:12:14+02:00,750000,Lublin,http://www.olx.pl/d/oferta/atrakcyjne-mieszkanie-dla-rodziny-80-m2-czuby-os-poreba-CID3-IDQ1yJi.html,9433.96,floor_0,yes,secondary,blok,79.5,four
232,767728613,2022-07-09T11:39:37+02:00,2022-08-17T13:28:34+02:00,1800000,Lublin,http://www.olx.pl/d/oferta/piekny-150m-apartament-4-pokoje-dwie-lazienki-winda-2-garaze-CID3-IDPXjhz.html,12000,floor_3,yes,secondary,blok,150,four
233,768069694,2022-07-10T21:33:12+02:00,2022-08-15T14:28:22+02:00,599000,Lublin,http://www.olx.pl/d/oferta/bazylianowka-zamkniete-osiedle-brzozowy-park-72-m2-CID3-IDPYK0S.html,8365.92,floor_1,yes,secondary,blok,71.6,three
234,746524410,2022-03-28T13:22:02+02:00,2022-08-12T08:37:17+02:00,359000,Lublin,http://www.olx.pl/d/oferta/bez-prowizji-nowoczesne-po-remoncie-dwupokojowe-przyjazni-bezposrednio-CID3-IDOvl6i.html,8348.84,floor_3,no,secondary,blok,43,two
235,688029713,2021-07-11T21:12:11+02:00,2022-08-02T09:21:26+02:00,449000,Lublin,http://www.olx.pl/d/oferta/sprzedam-piekne-nowoczesne-mieszkanie-w-segmencie-z-garazem-CID3-IDKyTXr.html,10690.48,floor_0,yes,secondary,blok,42,two
236,775130600,2022-08-15T14:43:42+02:00,2022-08-15T14:49:02+02:00,389000,Lublin,http://www.olx.pl/d/oferta/piekne-mieszkanie-2-pokoje-41m2-pelne-agd-klimatyzacja-CID3-IDQsmSs.html,9487.8,floor_3,yes,secondary,blok,41,two
237,716944168,2021-11-14T13:54:42+01:00,2022-08-11T09:52:16+02:00,520000,Lublin,http://www.olx.pl/d/oferta/mieszkanie-przy-ul-jantarowej-5-CID3-IDMvdWC.html,8306.71,floor_3,yes,secondary,blok,62.6,three
238,771487516,2022-07-27T18:19:45+02:00,2022-08-15T18:23:22+02:00,307000,Lublin,http://www.olx.pl/d/oferta/2-pokojowe-mieszkanie-43m2-ulica-lwowska-CID3-IDQd592.html,7139.53,floor_2,yes,secondary,blok,43,two
239,775495415,2022-08-17T09:40:00+02:00,2022-08-17T09:42:07+02:00,439000,Lublin,http://www.olx.pl/d/oferta/sprzedam-3-pokoje-biernackiego-12a-wyposazone-miejsce-garazowe-CID3-IDQtTMz.html,9145.83,floor_5,yes,secondary,blok,48,three
240,774684605,2022-08-12T18:45:44+02:00,2022-08-12T18:47:48+02:00,680000,Lublin,http://www.olx.pl/d/oferta/nowy-apartament-3-pok-10min-do-centrum-wronska-3d-z-garazem-majdanek-CID3-IDQquQZ.html,10793.65,floor_1,yes,primary,apartamentowiec,63,three
241,768363364,2022-07-12T07:31:33+02:00,2022-08-11T06:54:04+02:00,368000,Lublin,http://www.olx.pl/d/oferta/cicha-okolica-2pokoje-mieszkanie-43-86-m-bronowice-cena-do-negocjacji-CID3-IDPZYpu.html,8390.33,floor_3,yes,primary,blok,43.86,two
242,767846521,2022-07-09T21:36:57+02:00,2022-08-10T13:41:13+02:00,425000,Lublin,http://www.olx.pl/d/oferta/mieszkanie-3-pokojowe-44-20-m2-lsm-CID3-IDPXNXj.html,9615.38,floor_4,yes,secondary,blok,44.2,three
243,774905172,2022-08-14T10:48:53+02:00,2022-08-16T12:52:46+02:00,999000,Lublin,http://www.olx.pl/d/oferta/piekne-mieszkanie-srodmiescie-2-miejsca-garazowe-CID3-IDQrqev.html,14271.43,floor_1,yes,secondary,blok,70,four
244,743927433,2022-03-17T00:39:23+01:00,2022-07-29T17:25:16+02:00,335000,Lublin,http://www.olx.pl/d/oferta/mieszkanie-lublin-ul-okrzei-37m2-piwnica-ogloszenie-prywatne-CID3-IDOlrwz.html,9054.05,floor_2,yes,secondary,blok,37,two
245,770396689,2022-07-22T00:26:20+02:00,2022-08-10T22:27:26+02:00,619000,Lublin,http://www.olx.pl/d/oferta/przestronne-mieszkanie-bezposrednio-ul-szafirowa-CID3-IDQ8wn3.html,8597.22,floor_1,no,secondary,blok,72,three
246,676620370,2021-05-08T17:57:28+02:00,2022-08-10T22:16:39+02:00,608000,Lublin,http://www.olx.pl/d/oferta/sprzedaz-prywatna-przestronnego-mieszkania-narutowicza-CID3-IDJN1RM.html,8216.22,floor_1,yes,secondary,blok,74,three
247,774297685,2022-08-10T19:07:18+02:00,2022-08-10T19:09:26+02:00,360000,Lublin,http://www.olx.pl/d/oferta/okazja-dwa-mieszkania-w-cenie-jednego-2pokoje-kawalerka-centrum-CID3-IDQoScl.html,4500,floor_2,yes,secondary,kamienica,80,two
248,773086197,2022-08-04T16:07:12+02:00,2022-08-10T18:16:15+02:00,499000,Lublin,http://www.olx.pl/d/oferta/mieszkanie-2-pokoje-m-postojowe-garderoba-42-4m2-ul-wolinskiego-CID3-IDQjN2d.html,11768.87,floor_2,yes,secondary,blok,42.4,two
249,758324841,2022-05-23T19:22:27+02:00,2022-08-17T14:56:13+02:00,529999,Lublin,http://www.olx.pl/d/oferta/czuby-wysoki-standard-62-5-m2-bezposrednio-CID3-IDPjQWP.html,8479.98,floor_0,no,secondary,blok,62.5,three
250,766834207,2022-07-05T12:33:49+02:00,2022-08-11T15:35:45+02:00,390000,Lublin,http://www.olx.pl/d/oferta/lsm-dwupokojowe-mieszkanie-po-generalnym-remoncie-CID3-IDPTyBF.html,10263.16,floor_3,no,secondary,blok,38,two
251,775138041,2022-08-15T15:14:41+02:00,2022-08-15T15:23:14+02:00,253000,Lublin,http://www.olx.pl/d/oferta/nowe-mieszkanie-z-miejscem-postojowym-w-cenie-swidnik-CID3-IDQsoOt.html,9035.71,floor_3,no,secondary,blok,28,one
252,768667455,2022-07-13T12:47:43+02:00,2022-08-10T16:19:03+02:00,418000,Lublin,http://www.olx.pl/d/oferta/3-pokojowe-mieszkanie-po-generalnym-remoncie-CID3-IDQ1fvb.html,8726.51,floor_3,yes,secondary,blok,47.9,three
253,775130600,2022-08-15T14:43:42+02:00,2022-08-15T14:49:02+02:00,389000,Lublin,http://www.olx.pl/d/oferta/piekne-mieszkanie-2-pokoje-41m2-pelne-agd-klimatyzacja-CID3-IDQsmSs.html,9487.8,floor_3,yes,secondary,blok,41,two
254,769763214,2022-07-18T20:20:27+02:00,2022-08-16T13:16:11+02:00,590000,Lublin,http://www.olx.pl/d/oferta/mieszkanie-w-metropolitan-park-lublin-CID3-IDQ5QzI.html,10651.74,floor_8,yes,secondary,apartamentowiec,55.39,two
255,770493831,2022-07-22T15:25:03+02:00,2022-08-10T14:13:54+02:00,579000,Lublin,http://www.olx.pl/d/oferta/gustowne-mieszkanie-dwupoziomowe-CID3-IDQ8UDR.html,5594.2,floor_3,yes,secondary,blok,103.5,four
256,771209584,2022-07-26T15:31:36+02:00,2022-08-10T14:07:14+02:00,582000,Lublin,http://www.olx.pl/d/oferta/mieszkanie-na-sprzedaz-CID3-IDQbUQg.html,9700,floor_0,yes,secondary,blok,60,three
257,767846521,2022-07-09T21:36:57+02:00,2022-08-10T13:41:13+02:00,425000,Lublin,http://www.olx.pl/d/oferta/mieszkanie-3-pokojowe-44-20-m2-lsm-CID3-IDPXNXj.html,9615.38,floor_4,yes,secondary,blok,44.2,three
258,773086197,2022-08-04T16:07:12+02:00,2022-08-10T18:16:15+02:00,499000,Lublin,http://www.olx.pl/d/oferta/mieszkanie-2-pokoje-m-postojowe-garderoba-42-4m2-ul-wolinskiego-CID3-IDQjN2d.html,11768.87,floor_2,yes,secondary,blok,42.4,two
259,775495415,2022-08-17T09:40:00+02:00,2022-08-17T09:42:07+02:00,439000,Lublin,http://www.olx.pl/d/oferta/sprzedam-3-pokoje-biernackiego-12a-wyposazone-miejsce-garazowe-CID3-IDQtTMz.html,9145.83,floor_5,yes,secondary,blok,48,three
260,768069694,2022-07-10T21:33:12+02:00,2022-08-15T14:28:22+02:00,599000,Lublin,http://www.olx.pl/d/oferta/bazylianowka-zamkniete-osiedle-brzozowy-park-72-m2-CID3-IDPYK0S.html,8365.92,floor_1,yes,secondary,blok,71.6,three
261,747599941,2022-04-01T15:24:08+02:00,2022-08-10T11:47:20+02:00,625000,Lublin,http://www.olx.pl/d/oferta/apartament-64m2-lublin-os-botanik-ul-relaksowa-CID3-IDOAQTz.html,9615.38,floor_1,yes,secondary,blok,65,three
262,767896523,2022-07-10T10:52:07+02:00,2022-08-10T10:54:24+02:00,319000,Lublin,http://www.olx.pl/d/oferta/mieszkanie-2-pokoje-tatary-CID3-IDPY0XN.html,9382.35,floor_3,no,secondary,blok,34,two
263,774172073,2022-08-10T10:22:26+02:00,2022-08-10T10:27:11+02:00,310000,Lublin,http://www.olx.pl/d/oferta/lublin-lsm-balladyny-mieszkanie-dwupokojowe-37-8m2-CID3-IDQolvl.html,8201.06,floor_1,yes,secondary,blok,37.8,two
264,773244167,2022-08-05T14:05:05+02:00,2022-08-12T16:16:20+02:00,369000,Lublin,http://www.olx.pl/d/oferta/bronowice-mieszkanie-3-pok-60-mkw-bez-posrednikow-CID3-IDQks87.html,6150,floor_0,yes,secondary,blok,60,three
265,772962423,2022-08-03T22:49:02+02:00,2022-08-16T00:52:10+02:00,450000,Lublin,http://www.olx.pl/d/oferta/gotowiec-inwestycyjny-balladyny-roi-9-10-w-skali-roku-CID3-IDQjgPR.html,8181.82,,yes,secondary,blok,55,four
266,765612326,2022-06-28T20:50:49+02:00,2022-07-29T10:48:34+02:00,479000,Lublin,http://www.olx.pl/d/oferta/mieszkanie-os-czuby-poreba-3-pokoje-CID3-IDPOqJU.html,7485.54,floor_2,no,secondary,blok,63.99,three
267,688029713,2021-07-11T21:12:11+02:00,2022-08-02T09:21:26+02:00,449000,Lublin,http://www.olx.pl/d/oferta/sprzedam-piekne-nowoczesne-mieszkanie-w-segmencie-z-garazem-CID3-IDKyTXr.html,10690.48,floor_0,yes,secondary,blok,42,two
268,746524410,2022-03-28T13:22:02+02:00,2022-08-12T08:37:17+02:00,359000,Lublin,http://www.olx.pl/d/oferta/bez-prowizji-nowoczesne-po-remoncie-dwupokojowe-przyjazni-bezposrednio-CID3-IDOvl6i.html,8348.84,floor_3,no,secondary,blok,43,two
269,767222291,2022-07-07T07:04:59+02:00,2022-08-17T15:56:42+02:00,535000,Lublin,http://www.olx.pl/d/oferta/nowe-mieszkanie-3-pokojowe-wykonczone-ogrodek-ul-kwarcowa-CID3-IDPWbz5.html,10519.07,floor_0,yes,secondary,blok,50.86,three
270,759621945,2022-05-30T11:15:46+02:00,2022-08-10T09:42:55+02:00,385000,Lublin,http://www.olx.pl/d/oferta/mieszkanie-2-pokojowe-z-ogrodkiem-ok-60-m-orkana-residence-CID3-IDPpimR.html,9506.17,floor_0,no,primary,apartamentowiec,40.5,two
271,762697264,2022-06-15T10:51:28+02:00,2022-08-14T17:00:14+02:00,339000,Lublin,http://www.olx.pl/d/oferta/mieszkanie-dla-studenta-pary-kalinowszczyzna-ul-okrzei-CID3-IDPCcoM.html,8860.43,floor_8,yes,secondary,blok,38.26,two
272,735288660,2022-02-06T11:12:14+01:00,2022-08-15T23:04:13+02:00,479000,Lublin,http://www.olx.pl/d/oferta/mieszkanie-3-pokoje-lsm-blisko-politechniki-60m-idealne-pod-wynajem-CID3-IDNLcav.html,7956.81,floor_4,no,secondary,blok,60.2,three
273,773244167,2022-08-05T14:05:05+02:00,2022-08-12T16:16:20+02:00,369000,Lublin,http://www.olx.pl/d/oferta/bronowice-mieszkanie-3-pok-60-mkw-bez-posrednikow-CID3-IDQks87.html,6150,floor_0,yes,secondary,blok,60,three
274,769980504,2022-07-19T20:52:26+02:00,2022-08-09T23:00:23+02:00,498000,Lublin,http://www.olx.pl/d/oferta/koralowa-nowe-piekne-3-pokoje-pod-klucz-CID3-IDQ6L6o.html,9960,floor_5,no,secondary,blok,50,three
275,757593121,2022-05-20T11:14:17+02:00,2022-08-09T20:06:37+02:00,445000,Lublin,http://www.olx.pl/d/oferta/sprzedam-mieszkanie-czuby-3-pokoje-CID3-IDPgMzT.html,7295.08,floor_4,no,secondary,blok,61,three
276,743927433,2022-03-17T00:39:23+01:00,2022-07-29T17:25:16+02:00,335000,Lublin,http://www.olx.pl/d/oferta/mieszkanie-lublin-ul-okrzei-37m2-piwnica-ogloszenie-prywatne-CID3-IDOlrwz.html,9054.05,floor_2,yes,secondary,blok,37,two
277,758324841,2022-05-23T19:22:27+02:00,2022-08-17T14:56:13+02:00,529999,Lublin,http://www.olx.pl/d/oferta/czuby-wysoki-standard-62-5-m2-bezposrednio-CID3-IDPjQWP.html,8479.98,floor_0,no,secondary,blok,62.5,three
278,772963603,2022-08-03T22:57:03+02:00,2022-08-16T01:00:25+02:00,349700,Lublin,http://www.olx.pl/d/oferta/lsm-2-pokoje-swietny-uklad-CID3-IDQjh8T.html,10760,,no,secondary,blok,32.5,two
279,765612326,2022-06-28T20:50:49+02:00,2022-07-29T10:48:34+02:00,479000,Lublin,http://www.olx.pl/d/oferta/mieszkanie-os-czuby-poreba-3-pokoje-CID3-IDPOqJU.html,7485.54,floor_2,no,secondary,blok,63.99,three
280,774684605,2022-08-12T18:45:44+02:00,2022-08-12T18:47:48+02:00,680000,Lublin,http://www.olx.pl/d/oferta/nowy-apartament-3-pok-10min-do-centrum-wronska-3d-z-garazem-majdanek-CID3-IDQquQZ.html,10793.65,floor_1,yes,primary,apartamentowiec,63,three
281,772963603,2022-08-03T22:57:03+02:00,2022-08-16T01:00:25+02:00,349700,Lublin,http://www.olx.pl/d/oferta/lsm-2-pokoje-swietny-uklad-CID3-IDQjh8T.html,10760,,no,secondary,blok,32.5,two
282,774010640,2022-08-09T14:08:56+02:00,2022-08-09T14:33:19+02:00,346725,Lublin,http://www.olx.pl/d/oferta/kawalerka-inwestycyjna-blisko-centrum-lublin-CID3-IDQnFvA.html,11500,floor_2,yes,primary,apartamentowiec,30.15,one
283,767922979,2022-07-10T12:31:36+02:00,2022-08-09T13:23:01+02:00,599000,Lublin,http://www.olx.pl/d/oferta/mieszkanie-66-4-m2-z-garazem-19-77-m2-zupelnie-bezczynszowe-CID3-IDPY7Qw.html,9021.08,floor_1,yes,secondary,pozostale,66.4,three
284,773994135,2022-08-09T13:05:39+02:00,2022-08-09T13:11:50+02:00,420000,Lublin,http://www.olx.pl/d/oferta/mieszkanie-47m2-po-generalnym-remoncie-ulica-motorowa-CID3-IDQnBen.html,8936.17,floor_1,no,secondary,blok,47,three
285,745162550,2022-03-22T14:16:58+01:00,2022-08-09T12:38:37+02:00,328000,Lublin,http://www.olx.pl/d/oferta/kawalerka-studio-wyzynna-CID3-IDOqCOO.html,8497.41,floor_0,yes,secondary,blok,38.6,one
286,709347356,2021-10-14T12:06:42+02:00,2022-08-09T12:38:08+02:00,419000,Lublin,http://www.olx.pl/d/oferta/mieszkanie-3-pokojowe-lsm-CID3-IDM0lEo.html,7299.65,floor_2,yes,secondary,blok,57.4,three
287,724289932,2021-12-15T12:36:10+01:00,2022-08-09T12:36:33+02:00,494000,Lublin,http://www.olx.pl/d/oferta/inwestycyjne-4-pokojowe-po-generalnym-remoncie-na-czechowie-CID3-IDN12TG.html,8517.24,floor_3,no,secondary,blok,58,four
288,773982500,2022-08-09T12:19:12+02:00,2022-08-09T12:27:55+02:00,520000,Lublin,http://www.olx.pl/d/oferta/mieszkanie-lsm-juranda-4-pokoje-sprzedam-CID3-IDQnycI.html,8253.97,floor_6,no,primary,pozostale,63,four
289,775138041,2022-08-15T15:14:41+02:00,2022-08-15T15:23:14+02:00,253000,Lublin,http://www.olx.pl/d/oferta/nowe-mieszkanie-z-miejscem-postojowym-w-cenie-swidnik-CID3-IDQsoOt.html,9035.71,floor_3,no,secondary,blok,28,one
290,758324841,2022-05-23T19:22:27+02:00,2022-08-17T14:56:13+02:00,529999,Lublin,http://www.olx.pl/d/oferta/czuby-wysoki-standard-62-5-m2-bezposrednio-CID3-IDPjQWP.html,8479.98,floor_0,no,secondary,blok,62.5,three
291,756469539,2022-05-14T22:16:39+02:00,2022-08-07T12:11:37+02:00,325000,Lublin,http://www.olx.pl/d/oferta/mieszkanie-3-pokojowe-tatary-CID3-IDPc4hB.html,6993.76,floor_1,yes,secondary,blok,46.47,three
292,773956904,2022-08-09T10:36:17+02:00,2022-08-09T10:48:08+02:00,399000,Lublin,http://www.olx.pl/d/oferta/mieszkanie-2-pokojowe-38m-popieluszki-CID3-IDQnrxS.html,10500,floor_1,yes,secondary,blok,38,two
293,688029713,2021-07-11T21:12:11+02:00,2022-08-02T09:21:26+02:00,449000,Lublin,http://www.olx.pl/d/oferta/sprzedam-piekne-nowoczesne-mieszkanie-w-segmencie-z-garazem-CID3-IDKyTXr.html,10690.48,floor_0,yes,secondary,blok,42,two
294,775130600,2022-08-15T14:43:42+02:00,2022-08-15T14:49:02+02:00,389000,Lublin,http://www.olx.pl/d/oferta/piekne-mieszkanie-2-pokoje-41m2-pelne-agd-klimatyzacja-CID3-IDQsmSs.html,9487.8,floor_3,yes,secondary,blok,41,two
295,774905172,2022-08-14T10:48:53+02:00,2022-08-16T12:52:46+02:00,999000,Lublin,http://www.olx.pl/d/oferta/piekne-mieszkanie-srodmiescie-2-miejsca-garazowe-CID3-IDQrqev.html,14271.43,floor_1,yes,secondary,blok,70,four
296,743522930,2022-03-15T11:00:21+01:00,2022-08-09T10:25:30+02:00,620000,Lublin,http://www.olx.pl/d/oferta/mieszkanie-3pok-ogrodek-klima-alarm-2m-garazowe-wysoki-stand-CID3-IDOjKhk.html,11071.43,floor_0,yes,secondary,blok,56,three
297,773923664,2022-08-09T05:14:57+02:00,2022-08-09T10:12:57+02:00,350000,Lublin,http://www.olx.pl/d/oferta/mieszkanie-2-pokojowe-44m2-ok-3m2-czechow-CID3-IDQniTK.html,7954.55,floor_0,yes,secondary,blok,44,two
298,735288660,2022-02-06T11:12:14+01:00,2022-08-15T23:04:13+02:00,479000,Lublin,http://www.olx.pl/d/oferta/mieszkanie-3-pokoje-lsm-blisko-politechniki-60m-idealne-pod-wynajem-CID3-IDNLcav.html,7956.81,floor_4,no,secondary,blok,60.2,three
299,770576657,2022-07-23T07:24:13+02:00,2022-08-13T09:32:12+02:00,440000,Lublin,http://www.olx.pl/d/oferta/i-e-pietro-4-pokoje-bardzo-dobra-lokalizacja-szybki-termin-wydania-CID3-IDQ9gbL.html,7370.18,floor_1,yes,secondary,blok,59.7,four
300,773683591,2022-08-07T21:20:52+02:00,2022-08-07T21:29:41+02:00,720000,Lublin,http://www.olx.pl/d/oferta/mieszkanie-na-sprzedaz-osiedle-wiktoryn-CID3-IDQmirB.html,15493.87,floor_1,yes,primary,blok,46.47,one
301,773086197,2022-08-04T16:07:12+02:00,2022-08-10T18:16:15+02:00,499000,Lublin,http://www.olx.pl/d/oferta/mieszkanie-2-pokoje-m-postojowe-garderoba-42-4m2-ul-wolinskiego-CID3-IDQjN2d.html,11768.87,floor_2,yes,secondary,blok,42.4,two
302,755666186,2022-05-10T20:42:39+02:00,2022-08-09T08:37:13+02:00,665000,Lublin,http://www.olx.pl/d/oferta/przestronne-3-pokojowe-mieszkanie-71-m2-ul-limbowa-CID3-IDP8Hii.html,9366.2,floor_1,yes,secondary,blok,71,three
303,746524410,2022-03-28T13:22:02+02:00,2022-08-12T08:37:17+02:00,359000,Lublin,http://www.olx.pl/d/oferta/bez-prowizji-nowoczesne-po-remoncie-dwupokojowe-przyjazni-bezposrednio-CID3-IDOvl6i.html,8348.84,floor_3,no,secondary,blok,43,two
304,773244167,2022-08-05T14:05:05+02:00,2022-08-12T16:16:20+02:00,369000,Lublin,http://www.olx.pl/d/oferta/bronowice-mieszkanie-3-pok-60-mkw-bez-posrednikow-CID3-IDQks87.html,6150,floor_0,yes,secondary,blok,60,three
305,774707980,2022-08-12T21:14:21+02:00,2022-08-13T16:44:08+02:00,355700,Lublin,http://www.olx.pl/d/oferta/prywatnie-1-pietro-nowy-budynek-ogrodek-plus-parking-gratis-CID3-IDQqAV0.html,5557.81,floor_1,no,primary,pozostale,64,three
306,711378129,2021-10-22T12:34:28+02:00,2022-08-09T08:33:16+02:00,345000,Lublin,http://www.olx.pl/d/oferta/mieszkanie-czechow-polnocny-zakopianska-harnasi-sliwinskiego-CID3-IDM8RVN.html,10615.38,floor_7,yes,secondary,blok,32.5,two
307,728964376,2022-01-10T14:01:10+01:00,2022-08-09T08:22:59+02:00,278000,Lublin,http://www.olx.pl/d/oferta/mieszkanie-w-turce-na-os-borek-z-garzem-CID3-IDNkEWV.html,7091.84,floor_0,no,primary,blok,39.2,two
308,721158218,2021-12-01T13:52:56+01:00,2022-08-08T23:59:53+02:00,437000,Lublin,http://www.olx.pl/d/oferta/sprzedam-mieszkanie-czechow-os-chopina-60m-super-lokalizacja-CID3-IDMNUca.html,7283.33,floor_4,yes,secondary,blok,60,three
309,763209543,2022-06-18T10:12:16+02:00,2022-08-08T22:52:28+02:00,429000,Lublin,http://www.olx.pl/d/oferta/mieszkanie-52m2-na-slawinie-bezczynszowe-CID3-IDPElFl.html,8199.54,floor_1,yes,secondary,blok,52.32,two
310,773902675,2022-08-08T22:06:55+02:00,2022-08-08T22:17:32+02:00,499000,Lublin,http://www.olx.pl/d/oferta/mieszkanie-czuby-weglinek-krysztalowa-50m-CID3-IDQndrd.html,9980,floor_3,yes,secondary,blok,50,two
311,773897682,2022-08-08T21:43:36+02:00,2022-08-08T21:45:39+02:00,320000,Lublin,http://www.olx.pl/d/oferta/2-pokoje-do-remontu-ul-podzamcze-lwowska-CID3-IDQnc8G.html,8946.04,floor_9,no,secondary,blok,35.77,two
312,773897439,2022-08-08T21:42:28+02:00,2022-08-08T21:44:34+02:00,499000,Lublin,http://www.olx.pl/d/oferta/atrakcyjne3-pokojepo-remoncieczechow-CID3-IDQnc4L.html,9397.36,floor_1,no,secondary,blok,53.1,three
313,773892957,2022-08-08T21:22:48+02:00,2022-08-08T21:24:56+02:00,499000,Lublin,http://www.olx.pl/d/oferta/4-pokoje-po-remoncie-bronowice-CID3-IDQnaUt.html,8316.67,floor_10,no,secondary,blok,60,four
314,773868830,2022-08-08T19:39:47+02:00,2022-08-08T19:48:55+02:00,330000,Lublin,http://www.olx.pl/d/oferta/sprzedam-mieszkanie-w-centrum-lublina-37m-ul-narutowicza-64-CID3-IDQn4Dk.html,8918.92,floor_1,yes,secondary,kamienica,37,two
315,741702732,2022-03-06T18:15:53+01:00,2022-08-08T19:22:40+02:00,424125,Lublin,http://www.olx.pl/d/oferta/mieszkanie-56-55m2-felin-ul-gen-skalskiego-CID3-IDOc6Li.html,7500,floor_3,no,primary,blok,56.55,three
316,758324841,2022-05-23T19:22:27+02:00,2022-08-17T14:56:13+02:00,529999,Lublin,http://www.olx.pl/d/oferta/czuby-wysoki-standard-62-5-m2-bezposrednio-CID3-IDPjQWP.html,8479.98,floor_0,no,secondary,blok,62.5,three
317,766834207,2022-07-05T12:33:49+02:00,2022-08-11T15:35:45+02:00,390000,Lublin,http://www.olx.pl/d/oferta/lsm-dwupokojowe-mieszkanie-po-generalnym-remoncie-CID3-IDPTyBF.html,10263.16,floor_3,no,secondary,blok,38,two
318,735788601,2022-02-08T10:30:45+01:00,2022-08-08T17:05:35+02:00,499000,Lublin,http://www.olx.pl/d/oferta/mieszkanie-2-pokoje-w-apartamentowcu-wieniawa-CID3-IDNNie5.html,12475,floor_2,yes,secondary,apartamentowiec,40,two
319,773823133,2022-08-08T16:21:44+02:00,2022-08-08T16:23:51+02:00,239000,Lublin,http://www.olx.pl/d/oferta/kawalerka-19m2-ul-pawia-CID3-IDQmSKh.html,12578.95,floor_2,yes,secondary,kamienica,19,one
320,744501317,2022-03-19T16:22:12+01:00,2022-08-16T14:44:33+02:00,339000,Lublin,http://www.olx.pl/d/oferta/mieszkanie-2-pokoje-39-m2-lublin-tumidajskiego-sprzedam-bezposrednio-CID3-IDOnQNL.html,8692.31,floor_7,no,secondary,blok,39,two
321,775495415,2022-08-17T09:40:00+02:00,2022-08-17T09:42:07+02:00,439000,Lublin,http://www.olx.pl/d/oferta/sprzedam-3-pokoje-biernackiego-12a-wyposazone-miejsce-garazowe-CID3-IDQtTMz.html,9145.83,floor_5,yes,secondary,blok,48,three
322,770240747,2022-07-21T10:38:28+02:00,2022-08-08T15:12:42+02:00,200000,Lublin,http://www.olx.pl/d/oferta/kawalerka-z-balkonem-parter-22m2-tatary-ul-gospodarcza-CID3-IDQ7QNR.html,9090.91,floor_0,no,secondary,blok,22,one
323,750814321,2022-04-16T14:48:53+02:00,2022-08-08T14:15:56+02:00,394000,Lublin,http://www.olx.pl/d/oferta/centrum-ul-lipowa-17-przy-ch-plaza-wlasnosciowe-z-kw-CID3-IDOOl6p.html,10423.28,floor_4,no,secondary,blok,37.8,two
324,683577797,2021-06-15T14:28:48+02:00,2022-08-08T13:03:34+02:00,690000,Lublin,http://www.olx.pl/d/oferta/mieszkanie-dwupoziomowe-90m2-w-centrum-lublina-ul-wschodnia-CID3-IDKgdOl.html,7666.67,floor_3,no,secondary,blok,90,four
325,769316184,2022-07-16T15:37:02+02:00,2022-08-16T10:12:04+02:00,495000,Lublin,http://www.olx.pl/d/oferta/3-pokojowe-mieszkanie-dziewanny-do-wprowadzenia-bez-wkladu-finansowego-CID3-IDQ3Yhy.html,7994.19,floor_1,yes,secondary,blok,61.92,three
326,774905172,2022-08-14T10:48:53+02:00,2022-08-16T12:52:46+02:00,999000,Lublin,http://www.olx.pl/d/oferta/piekne-mieszkanie-srodmiescie-2-miejsca-garazowe-CID3-IDQrqev.html,14271.43,floor_1,yes,secondary,blok,70,four
327,767222291,2022-07-07T07:04:59+02:00,2022-08-17T15:56:42+02:00,535000,Lublin,http://www.olx.pl/d/oferta/nowe-mieszkanie-3-pokojowe-wykonczone-ogrodek-ul-kwarcowa-CID3-IDPWbz5.html,10519.07,floor_0,yes,secondary,blok,50.86,three
328,767743928,2022-07-09T12:45:10+02:00,2022-08-08T12:49:45+02:00,289000,Lublin,http://www.olx.pl/d/oferta/bezposrednio-mieszkanie-2-pokoje-33m-lsm-ul-rymwida-CID3-IDPXngA.html,9031.25,floor_0,yes,secondary,blok,32,two
329,773761224,2022-08-08T12:29:28+02:00,2022-08-08T12:33:35+02:00,245000,Lublin,http://www.olx.pl/d/oferta/mieszkanie-kawalerka-19m-ul-pawia-CID3-IDQmCDK.html,12894.74,floor_2,yes,secondary,kamienica,19,one
330,728341785,2022-01-07T16:04:35+01:00,2022-08-08T12:27:32+02:00,675000,Lublin,http://www.olx.pl/d/oferta/dwupak-inwestycyjny-lokal-ktory-zarabia-dla-ciebie-4500zl-miesiecznie-CID3-IDNi2Y9.html,8766.23,floor_4,yes,secondary,blok,77,three
331,773746943,2022-08-08T11:36:44+02:00,2022-08-08T11:38:48+02:00,320000,Lublin,http://www.olx.pl/d/oferta/sprzedam-mieszkanie-ul-romera-lublin-CID3-IDQmyWp.html,10000,floor_2,yes,secondary,blok,32,two
332,773086197,2022-08-04T16:07:12+02:00,2022-08-10T18:16:15+02:00,499000,Lublin,http://www.olx.pl/d/oferta/mieszkanie-2-pokoje-m-postojowe-garderoba-42-4m2-ul-wolinskiego-CID3-IDQjN2d.html,11768.87,floor_2,yes,secondary,blok,42.4,two
333,744501317,2022-03-19T16:22:12+01:00,2022-08-16T14:44:33+02:00,339000,Lublin,http://www.olx.pl/d/oferta/mieszkanie-2-pokoje-39-m2-lublin-tumidajskiego-sprzedam-bezposrednio-CID3-IDOnQNL.html,8692.31,floor_7,no,secondary,blok,39,two
334,746524410,2022-03-28T13:22:02+02:00,2022-08-12T08:37:17+02:00,359000,Lublin,http://www.olx.pl/d/oferta/bez-prowizji-nowoczesne-po-remoncie-dwupokojowe-przyjazni-bezposrednio-CID3-IDOvl6i.html,8348.84,floor_3,no,secondary,blok,43,two
335,758324841,2022-05-23T19:22:27+02:00,2022-08-17T14:56:13+02:00,529999,Lublin,http://www.olx.pl/d/oferta/czuby-wysoki-standard-62-5-m2-bezposrednio-CID3-IDPjQWP.html,8479.98,floor_0,no,secondary,blok,62.5,three
336,688029713,2021-07-11T21:12:11+02:00,2022-08-02T09:21:26+02:00,449000,Lublin,http://www.olx.pl/d/oferta/sprzedam-piekne-nowoczesne-mieszkanie-w-segmencie-z-garazem-CID3-IDKyTXr.html,10690.48,floor_0,yes,secondary,blok,42,two
337,735288660,2022-02-06T11:12:14+01:00,2022-08-15T23:04:13+02:00,479000,Lublin,http://www.olx.pl/d/oferta/mieszkanie-3-pokoje-lsm-blisko-politechniki-60m-idealne-pod-wynajem-CID3-IDNLcav.html,7956.81,floor_4,no,secondary,blok,60.2,three
338,754917703,2022-05-07T14:00:07+02:00,2022-08-17T09:53:11+02:00,289000,Lublin,http://www.olx.pl/d/oferta/sprzedam-2-pokoje-51-m-bronowice-pilne-CID3-IDP5yzZ.html,5666.67,floor_1,yes,secondary,kamienica,51,three
339,775045572,2022-08-15T00:16:53+02:00,2022-08-15T00:24:32+02:00,500000,Lublin,http://www.olx.pl/d/oferta/mieszkanie-dwupokojowe-49m2-os-chopina-czechow-CID3-IDQs0L2.html,10204.08,floor_6,yes,secondary,blok,49,two
340,775138041,2022-08-15T15:14:41+02:00,2022-08-15T15:23:14+02:00,253000,Lublin,http://www.olx.pl/d/oferta/nowe-mieszkanie-z-miejscem-postojowym-w-cenie-swidnik-CID3-IDQsoOt.html,9035.71,floor_3,no,secondary,blok,28,one
341,746524410,2022-03-28T13:22:02+02:00,2022-08-12T08:37:17+02:00,359000,Lublin,http://www.olx.pl/d/oferta/bez-prowizji-nowoczesne-po-remoncie-dwupokojowe-przyjazni-bezposrednio-CID3-IDOvl6i.html,8348.84,floor_3,no,secondary,blok,43,two
342,767728613,2022-07-09T11:39:37+02:00,2022-08-17T13:28:34+02:00,1800000,Lublin,http://www.olx.pl/d/oferta/piekny-150m-apartament-4-pokoje-dwie-lazienki-winda-2-garaze-CID3-IDPXjhz.html,12000,floor_3,yes,secondary,blok,150,four
343,769316184,2022-07-16T15:37:02+02:00,2022-08-16T10:12:04+02:00,495000,Lublin,http://www.olx.pl/d/oferta/3-pokojowe-mieszkanie-dziewanny-do-wprowadzenia-bez-wkladu-finansowego-CID3-IDQ3Yhy.html,7994.19,floor_1,yes,secondary,blok,61.92,three
344,739359481,2022-02-23T11:46:19+01:00,2022-08-08T09:17:09+02:00,399000,Lublin,http://www.olx.pl/d/oferta/mieszkanie-3-pokoje-blekitna-CID3-IDO2haW.html,8312.5,floor_9,no,secondary,blok,48,three
345,749834699,2022-04-11T11:22:01+02:00,2022-08-08T09:14:51+02:00,490000,Lublin,http://www.olx.pl/d/oferta/atrakcyjne-mieszkanie-na-dziesiatej-61-47-m2-CID3-IDOKeg3.html,7971.37,floor_3,yes,secondary,blok,61.47,four
346,775045572,2022-08-15T00:16:53+02:00,2022-08-15T00:24:32+02:00,500000,Lublin,http://www.olx.pl/d/oferta/mieszkanie-dwupokojowe-49m2-os-chopina-czechow-CID3-IDQs0L2.html,10204.08,floor_6,yes,secondary,blok,49,two
347,766990828,2022-07-06T00:01:44+02:00,2022-08-14T22:46:47+02:00,370000,Lublin,http://www.olx.pl/d/oferta/lublin-srodmiescie-politechnika-37m-puste-CID3-IDPUdlO.html,10000,floor_4,no,secondary,blok,37,two
348,770576657,2022-07-23T07:24:13+02:00,2022-08-13T09:32:12+02:00,440000,Lublin,http://www.olx.pl/d/oferta/i-e-pietro-4-pokoje-bardzo-dobra-lokalizacja-szybki-termin-wydania-CID3-IDQ9gbL.html,7370.18,floor_1,yes,secondary,blok,59.7,four
349,763267488,2022-06-18T15:14:02+02:00,2022-08-08T08:37:22+02:00,940000,Lublin,http://www.olx.pl/d/oferta/mieszkanie-89-47-m2-rogatka-warszawska-CID3-IDPEAJV.html,10561.8,floor_3,yes,secondary,blok,89,four
350,764805522,2022-06-26T21:19:50+02:00,2022-08-08T03:07:48+02:00,414120,Lublin,http://www.olx.pl/d/oferta/mieszkanie-na-sprzedaz-daszynskiego-CID3-IDPL2QV.html,8700,floor_4,no,secondary,blok,47.6,two
351,766080687,2022-07-01T08:40:22+02:00,2022-08-07T23:44:26+02:00,330000,Lublin,http://www.olx.pl/d/oferta/2-pokojowe-umeblowane-mieszkanie-na-lsm-ie-ul-t-zana-CID3-IDPQoA7.html,9593.02,floor_10,yes,secondary,blok,34.4,two
352,763896029,2022-06-21T19:24:34+02:00,2022-08-07T22:28:33+02:00,413000,Lublin,http://www.olx.pl/d/oferta/czuby-poreba-agatowa-sloneczne-2-pokoje-46m2-CID3-IDPHefH.html,8978.26,floor_3,yes,secondary,blok,46,two
353,771603669,2022-07-28T12:23:41+02:00,2022-08-07T22:22:43+02:00,397000,Lublin,http://www.olx.pl/d/oferta/mieszkanie-4-pokoje-do-wlasnej-aranzacji-duzo-zieleni-CID3-IDQdzmt.html,6897.15,,no,secondary,blok,57.56,four
354,766834207,2022-07-05T12:33:49+02:00,2022-08-11T15:35:45+02:00,390000,Lublin,http://www.olx.pl/d/oferta/lsm-dwupokojowe-mieszkanie-po-generalnym-remoncie-CID3-IDPTyBF.html,10263.16,floor_3,no,secondary,blok,38,two
355,775495415,2022-08-17T09:40:00+02:00,2022-08-17T09:42:07+02:00,439000,Lublin,http://www.olx.pl/d/oferta/sprzedam-3-pokoje-biernackiego-12a-wyposazone-miejsce-garazowe-CID3-IDQtTMz.html,9145.83,floor_5,yes,secondary,blok,48,three
356,765612326,2022-06-28T20:50:49+02:00,2022-07-29T10:48:34+02:00,479000,Lublin,http://www.olx.pl/d/oferta/mieszkanie-os-czuby-poreba-3-pokoje-CID3-IDPOqJU.html,7485.54,floor_2,no,secondary,blok,63.99,three
357,773683591,2022-08-07T21:20:52+02:00,2022-08-07T21:29:41+02:00,720000,Lublin,http://www.olx.pl/d/oferta/mieszkanie-na-sprzedaz-osiedle-wiktoryn-CID3-IDQmirB.html,15493.87,floor_1,yes,primary,blok,46.47,one
358,755524113,2022-05-10T11:14:00+02:00,2022-08-07T21:01:54+02:00,405000,Lublin,http://www.olx.pl/d/oferta/mieszkanie-na-sprzedaz-wyzynna-CID3-IDP86kN.html,9000,floor_1,yes,secondary,blok,45,two
359,773663792,2022-08-07T19:42:31+02:00,2022-08-07T19:47:47+02:00,496000,Lublin,http://www.olx.pl/d/oferta/piekne-mieszkanie-dla-rodziny-62-m2-wrotkow-CID3-IDQmdig.html,8000,floor_3,yes,secondary,blok,62,three
360,770217015,2022-07-21T08:00:07+02:00,2022-08-07T16:52:40+02:00,340000,Lublin,http://www.olx.pl/d/oferta/2-pok-mieszkanie-od-wlasciciela-CID3-IDQ7KD5.html,8500,,no,secondary,blok,40,two
361,773625056,2022-08-07T16:41:55+02:00,2022-08-07T16:50:17+02:00,330000,Lublin,http://www.olx.pl/d/oferta/zarezerwowane-mieszkanie-na-sprzedaz-3-pokoje-po-remoncie-lsm-zana-29-CID3-IDQm3du.html,9428.57,floor_6,yes,secondary,blok,35,three
362,771487516,2022-07-27T18:19:45+02:00,2022-08-15T18:23:22+02:00,307000,Lublin,http://www.olx.pl/d/oferta/2-pokojowe-mieszkanie-43m2-ulica-lwowska-CID3-IDQd592.html,7139.53,floor_2,yes,secondary,blok,43,two
363,756469539,2022-05-14T22:16:39+02:00,2022-08-07T12:11:37+02:00,325000,Lublin,http://www.olx.pl/d/oferta/mieszkanie-3-pokojowe-tatary-CID3-IDPc4hB.html,6993.76,floor_1,yes,secondary,blok,46.47,three
364,758324841,2022-05-23T19:22:27+02:00,2022-08-17T14:56:13+02:00,529999,Lublin,http://www.olx.pl/d/oferta/czuby-wysoki-standard-62-5-m2-bezposrednio-CID3-IDPjQWP.html,8479.98,floor_0,no,secondary,blok,62.5,three
365,771077459,2022-07-25T21:33:48+02:00,2022-08-07T14:42:07+02:00,350000,Lublin,http://www.olx.pl/d/oferta/sprzedam-mieszkanie-2-pokoje-z-oddzielna-kuchnia-umeblowane-CID3-IDQbmtd.html,7954.55,floor_2,yes,secondary,blok,44,two
366,755308230,2022-05-09T13:23:15+02:00,2022-08-07T13:20:43+02:00,895000,Lublin,http://www.olx.pl/d/oferta/2-mieszkania-140m2-nieruchomosc-inwestycyjna-CID3-IDP7caO.html,6392.86,floor_3,yes,secondary,blok,140,four
367,773513299,2022-08-07T00:25:04+02:00,2022-08-07T10:40:56+02:00,624000,Lublin,http://www.olx.pl/d/oferta/mieszkanie-59-5-m2-slawin-os-ruczaj-ul-zielone-wgorze-CID3-IDQlA8X.html,10487.39,floor_5,yes,secondary,blok,59.5,three
368,744501317,2022-03-19T16:22:12+01:00,2022-08-16T14:44:33+02:00,339000,Lublin,http://www.olx.pl/d/oferta/mieszkanie-2-pokoje-39-m2-lublin-tumidajskiego-sprzedam-bezposrednio-CID3-IDOnQNL.html,8692.31,floor_7,no,secondary,blok,39,two
369,775130600,2022-08-15T14:43:42+02:00,2022-08-15T14:49:02+02:00,389000,Lublin,http://www.olx.pl/d/oferta/piekne-mieszkanie-2-pokoje-41m2-pelne-agd-klimatyzacja-CID3-IDQsmSs.html,9487.8,floor_3,yes,secondary,blok,41,two
370,771487516,2022-07-27T18:19:45+02:00,2022-08-15T18:23:22+02:00,307000,Lublin,http://www.olx.pl/d/oferta/2-pokojowe-mieszkanie-43m2-ulica-lwowska-CID3-IDQd592.html,7139.53,floor_2,yes,secondary,blok,43,two
371,735288660,2022-02-06T11:12:14+01:00,2022-08-15T23:04:13+02:00,479000,Lublin,http://www.olx.pl/d/oferta/mieszkanie-3-pokoje-lsm-blisko-politechniki-60m-idealne-pod-wynajem-CID3-IDNLcav.html,7956.81,floor_4,no,secondary,blok,60.2,three
372,769316184,2022-07-16T15:37:02+02:00,2022-08-16T10:12:04+02:00,495000,Lublin,http://www.olx.pl/d/oferta/3-pokojowe-mieszkanie-dziewanny-do-wprowadzenia-bez-wkladu-finansowego-CID3-IDQ3Yhy.html,7994.19,floor_1,yes,secondary,blok,61.92,three
373,754917703,2022-05-07T14:00:07+02:00,2022-08-17T09:53:11+02:00,289000,Lublin,http://www.olx.pl/d/oferta/sprzedam-2-pokoje-51-m-bronowice-pilne-CID3-IDP5yzZ.html,5666.67,floor_1,yes,secondary,kamienica,51,three
374,761246546,2022-06-07T19:00:30+02:00,2022-08-07T09:13:31+02:00,330000,Lublin,http://www.olx.pl/d/oferta/mieszkanie-dwupokojowe-w-doskonalej-lokalizacji-blisko-um-ul-okrzei-CID3-IDPv706.html,8991.83,floor_9,no,secondary,blok,36.7,two
375,767728613,2022-07-09T11:39:37+02:00,2022-08-17T13:28:34+02:00,1800000,Lublin,http://www.olx.pl/d/oferta/piekny-150m-apartament-4-pokoje-dwie-lazienki-winda-2-garaze-CID3-IDPXjhz.html,12000,floor_3,yes,secondary,blok,150,four
376,772963603,2022-08-03T22:57:03+02:00,2022-08-16T01:00:25+02:00,349700,Lublin,http://www.olx.pl/d/oferta/lsm-2-pokoje-swietny-uklad-CID3-IDQjh8T.html,10760,,no,secondary,blok,32.5,two
377,758360773,2022-05-23T21:46:35+02:00,2022-08-06T13:50:13+02:00,480000,Lublin,http://www.olx.pl/d/oferta/mieszkanie-48m2-osiedle-nowy-felin-CID3-IDPk0hn.html,10000,,yes,secondary,blok,48,two
378,768069694,2022-07-10T21:33:12+02:00,2022-08-15T14:28:22+02:00,599000,Lublin,http://www.olx.pl/d/oferta/bazylianowka-zamkniete-osiedle-brzozowy-park-72-m2-CID3-IDPYK0S.html,8365.92,floor_1,yes,secondary,blok,71.6,three
379,767846521,2022-07-09T21:36:57+02:00,2022-08-10T13:41:13+02:00,425000,Lublin,http://www.olx.pl/d/oferta/mieszkanie-3-pokojowe-44-20-m2-lsm-CID3-IDPXNXj.html,9615.38,floor_4,yes,secondary,blok,44.2,three
380,766532104,2022-07-03T19:35:11+02:00,2022-08-06T08:29:42+02:00,619000,Lublin,http://www.olx.pl/d/oferta/nowa-cena-mieszkanie-4-pokojowe-lublin-czuby-CID3-IDPSi12.html,8421.77,floor_1,yes,secondary,blok,73.5,four
381,765612326,2022-06-28T20:50:49+02:00,2022-07-29T10:48:34+02:00,479000,Lublin,http://www.olx.pl/d/oferta/mieszkanie-os-czuby-poreba-3-pokoje-CID3-IDPOqJU.html,7485.54,floor_2,no,secondary,blok,63.99,three
382,766834207,2022-07-05T12:33:49+02:00,2022-08-11T15:35:45+02:00,390000,Lublin,http://www.olx.pl/d/oferta/lsm-dwupokojowe-mieszkanie-po-generalnym-remoncie-CID3-IDPTyBF.html,10263.16,floor_3,no,secondary,blok,38,two
383,767728613,2022-07-09T11:39:37+02:00,2022-08-17T13:28:34+02:00,1800000,Lublin,http://www.olx.pl/d/oferta/piekny-150m-apartament-4-pokoje-dwie-lazienki-winda-2-garaze-CID3-IDPXjhz.html,12000,floor_3,yes,secondary,blok,150,four
384,746118783,2022-03-26T16:48:29+01:00,2022-08-05T23:02:26+02:00,489000,Lublin,http://www.olx.pl/d/oferta/kondygnacja-w-domu-78m2-dziesiata-bezczynszowe-3-pokoje-duzy-garaz-CID3-IDOuDzW.html,6269.23,floor_1,yes,secondary,pozostale,78,three
385,529536921,2019-05-09T11:05:11+02:00,2022-08-05T21:42:16+02:00,649000,Lublin,http://www.olx.pl/d/oferta/mieszkanie-z-ogrodkiem-na-porebie-CID3-IDzPSK5.html,11000,floor_0,yes,secondary,blok,59,three
386,759250710,2022-05-28T13:08:00+02:00,2022-08-05T17:55:43+02:00,330000,Lublin,http://www.olx.pl/d/oferta/3-pokojowe-mieszkanie-na-sprzedaz-w-lublinie-mozliwa-zamiana-CID3-IDPnJNc.html,7249.56,floor_0,no,secondary,blok,45.52,three
387,754917703,2022-05-07T14:00:07+02:00,2022-08-17T09:53:11+02:00,289000,Lublin,http://www.olx.pl/d/oferta/sprzedam-2-pokoje-51-m-bronowice-pilne-CID3-IDP5yzZ.html,5666.67,floor_1,yes,secondary,kamienica,51,three
388,775451884,2022-08-16T22:13:45+02:00,2022-08-16T22:15:52+02:00,550000,Lublin,http://www.olx.pl/d/oferta/mieszkanie-3-pok-przy-samym-uniw-medycznym-z-widokiem-okazja-CID3-IDQtIss.html,8986.93,floor_8,yes,secondary,blok,61.2,three
389,756469539,2022-05-14T22:16:39+02:00,2022-08-07T12:11:37+02:00,325000,Lublin,http://www.olx.pl/d/oferta/mieszkanie-3-pokojowe-tatary-CID3-IDPc4hB.html,6993.76,floor_1,yes,secondary,blok,46.47,three
390,767178543,2022-07-06T20:24:31+02:00,2022-08-05T16:02:13+02:00,399000,Lublin,http://www.olx.pl/d/oferta/mieszkanie-2-pokojowe-slawinek-spokojna-okolica-CID3-IDPW0bt.html,10230.77,floor_3,no,secondary,blok,39,two
391,770076361,2022-07-20T12:49:10+02:00,2022-08-05T15:39:31+02:00,330000,Lublin,http://www.olx.pl/d/oferta/mieszkanie-po-generalnym-remoncie-ul-okrzei-kalinowszczyzna-CID3-IDQ7a2t.html,8625.2,floor_10,yes,secondary,blok,38.26,two
392,774905172,2022-08-14T10:48:53+02:00,2022-08-16T12:52:46+02:00,999000,Lublin,http://www.olx.pl/d/oferta/piekne-mieszkanie-srodmiescie-2-miejsca-garazowe-CID3-IDQrqev.html,14271.43,floor_1,yes,secondary,blok,70,four
393,770576657,2022-07-23T07:24:13+02:00,2022-08-13T09:32:12+02:00,440000,Lublin,http://www.olx.pl/d/oferta/i-e-pietro-4-pokoje-bardzo-dobra-lokalizacja-szybki-termin-wydania-CID3-IDQ9gbL.html,7370.18,floor_1,yes,secondary,blok,59.7,four
394,744501317,2022-03-19T16:22:12+01:00,2022-08-16T14:44:33+02:00,339000,Lublin,http://www.olx.pl/d/oferta/mieszkanie-2-pokoje-39-m2-lublin-tumidajskiego-sprzedam-bezposrednio-CID3-IDOnQNL.html,8692.31,floor_7,no,secondary,blok,39,two
395,773211980,2022-08-05T11:41:26+02:00,2022-08-05T11:43:30+02:00,430000,Lublin,http://www.olx.pl/d/oferta/mieszkanie-ul-pogodna-parter-piwnica-49m2-CID3-IDQkjKY.html,8775.51,floor_0,no,secondary,blok,49,two
396,763824922,2022-06-21T14:25:54+02:00,2022-08-05T11:43:19+02:00,695000,Lublin,http://www.olx.pl/d/oferta/mieszkanie-82-5-m2-slawinek-ul-kolorowa-CID3-IDPGWKO.html,8424.24,floor_0,no,secondary,blok,82.5,four
397,742022990,2022-03-08T11:28:33+01:00,2022-08-05T10:26:18+02:00,373000,Lublin,http://www.olx.pl/d/oferta/mieszkanie-2-pokojowe-okopowa-CID3-IDOds4K.html,9815.79,floor_3,yes,secondary,blok,38,two
398,719652980,2021-11-25T12:19:41+01:00,2022-08-05T10:24:53+02:00,399000,Lublin,http://www.olx.pl/d/oferta/mieszkanie-2-pokoje-inwestycyjne-prusa-CID3-IDMHAC8.html,7673.08,floor_4,yes,secondary,blok,52,two
399,773086197,2022-08-04T16:07:12+02:00,2022-08-10T18:16:15+02:00,499000,Lublin,http://www.olx.pl/d/oferta/mieszkanie-2-pokoje-m-postojowe-garderoba-42-4m2-ul-wolinskiego-CID3-IDQjN2d.html,11768.87,floor_2,yes,secondary,blok,42.4,two
400,761005539,2022-06-06T16:35:04+02:00,2022-08-17T17:40:35+02:00,320000,Lublin,http://www.olx.pl/d/oferta/mieszkanie-z-tarasem-2-pokojowe-wrotkow-CID3-IDPw6iT.html,8434.37,floor_0,no,secondary,blok,37.94,two
401,772963603,2022-08-03T22:57:03+02:00,2022-08-16T01:00:25+02:00,349700,Lublin,http://www.olx.pl/d/oferta/lsm-2-pokoje-swietny-uklad-CID3-IDQjh8T.html,10760,,no,secondary,blok,32.5,two
