,m,build_year,location,floor,id,market,price,price_per_m2,date_created,date_lastmod,rooms,builttype,url
0,70.9,1995,lublin,floor_1,63253039,secondary,630000,8886,2022-07-01 00:13:38,2022-07-31 00:15:29,3,apartment,https://www.otodom.pl/pl/oferta/3pok-mieszkanie-w-apartamentowcu-slawin-lublin-ID4hp0j.html
1,113.08,2022,lublin,floor_higher_10,63252880,primary,1300000,11496,2022-06-30 22:35:13,2022-07-30 22:45:07,5,apartment,https://www.otodom.pl/pl/oferta/apartament-o-pow-113-08-m2-ul-polnocna-dwie-wieze-ID4hoXK.html
2,,,,,,,,,,,,,
3,,,,,,,,,,,,,
4,46.9,1965,lublin,floor_1,63354122,secondary,410000,8742,2022-07-30 19:15:52,2022-07-30 19:16:25,2,block,https://www.otodom.pl/pl/oferta/optymalny-metraz-osiedle-zamkniete-centrum-ID4hPiG.html
5,49.6,1961,lublin,floor_1,63354091,secondary,420000,8468,2022-07-30 18:48:44,2022-07-30 18:49:08,2,tenement,https://www.otodom.pl/pl/oferta/dwupokojowe-wygodne-mieszkanie-w-centrum-miasta-ID4hPib.html
6,60.78,1990,lublin,ground_floor,63354075,secondary,525000,8638,2022-07-30 18:39:36,2022-07-30 18:39:57,3,block,https://www.otodom.pl/pl/oferta/komfortowe-3-pokoje-na-czubach-ID4hPhW.html
7,48.2,1981,lublin,floor_5,63305538,secondary,400000,8299,2022-07-15 14:15:26,2022-07-30 14:36:40,3,block,https://www.otodom.pl/pl/oferta/bliski-czechow-paganiniego-9-ID4hCF4.html
8,54.5,2000,lublin,floor_2,62695723,secondary,479000,8789,2022-01-24 22:05:11,2022-07-30 14:18:01,2,block,https://www.otodom.pl/pl/oferta/slawinek-przestronne-2-pokojowe-mieszkanie-ID4f41l.html
9,48,1985,lublin,floor_5,63330185,secondary,469000,9771,2022-07-22 18:15:41,2022-07-30 14:20:57,3,block,https://www.otodom.pl/pl/oferta/nowoczesne-3-pokoje-przy-politechnice-lubelskiej-ID4hJ4B.html
10,27,1979,lublin,floor_9,63082554,secondary,289000,10704,2022-05-14 11:55:23,2022-07-30 14:14:57,1,block,https://www.otodom.pl/pl/oferta/lsm-kawalerka-z-pieknym-widokiem-ID4gGEy.html
11,,,,,,,,,,,,,
12,,,,,,,,,,,,,
13,,,,,,,,,,,,,
14,,,,,,,,,,,,,
15,,,,,,,,,,,,,
16,,,,,,,,,,,,,
17,,,,,,,,,,,,,
18,35.1,1970,lublin,floor_4,63304055,secondary,329000,9373,2022-07-15 10:23:45,2022-07-30 10:24:35,2,block,https://www.otodom.pl/pl/oferta/dwupokojowe-mieszkanie-przy-ul-przyjazni-ID4hCh9.html
19,51,2022,lublin,floor_1,63202324,secondary,525000,10294,2022-06-17 00:44:05,2022-07-28 11:32:41,3,block,https://www.otodom.pl/pl/oferta/wykonczone-pod-klucz-51m2-bezposrednio-czuby-ID4hbOk.html
20,,,,,,,,,,,,,
21,52.97,2024,lublin,floor_2,63154345,primary,604000,11403,2022-06-02 13:04:17,2022-07-11 19:00:41,3,block,https://www.otodom.pl/pl/oferta/nowe-mieszkanie-w-centrum-prusa-twins-m12-ID4gZkt.html
22,33.53,2024,lublin,floor_2,63154824,primary,424500,12660,2022-06-02 14:16:00,2022-07-20 08:46:02,1,block,https://www.otodom.pl/pl/oferta/nowe-mieszkanie-w-centrum-prusa-twins-m9-ID4gZsc.html
23,,,,,,,,,,,,,
24,,,,,,,,,,,,,
25,67,2007,lublin,floor_3,62964716,secondary,520000,7761,2022-04-07 20:15:06,2022-07-11 19:47:46,3,block,https://www.otodom.pl/pl/oferta/trojstronne-ok-80-metrow-lokum-botanik-slawin-ID4gbZV.html
26,38,2008,lublin,ground_floor,63307911,secondary,350000,9211,2022-07-16 10:02:34,2022-07-30 09:34:42,2,block,https://www.otodom.pl/pl/oferta/kawalerka-na-parterze-duzy-balkon-sloneczny-dom-ID4hDhl.html
27,,,,,,,,,,,,,
28,41.18,2021,lublin,floor_3,62750773,secondary,442000,10733,2022-02-09 10:33:37,2022-07-25 14:10:14,2,block,https://www.otodom.pl/pl/oferta/nowoczesne-mieszkanie-na-weglinie-ID4filf.html
29,54.55,2021,lublin,floor_4,62868921,secondary,600000,10999,2022-03-12 00:18:12,2022-07-18 19:07:05,3,block,https://www.otodom.pl/pl/oferta/lublin-ul-startowa-3p-54-55-mkw-ID4fN4R.html
30,,,,,,,,,,,,,
31,,,,,,,,,,,,,
32,,,,,,,,,,,,,
33,39,1976,lublin,floor_7,63303554,secondary,320000,8205,2022-07-15 00:44:58,2022-07-30 00:53:41,2,block,https://www.otodom.pl/pl/oferta/2-pokoje-ul-krancowa-gotowe-do-zamieszkania-ID4hC94.html
34,,,,,,,,,,,,,
35,47.6,1992,lublin,floor_4,63352788,secondary,364000,7647,2022-07-29 20:51:04,2022-07-29 21:33:31,2,block,https://www.otodom.pl/pl/oferta/lublin-czuby-2-pokoje-ul-bursztynowa-przy-wawozie-ID4hOXa.html
36,88.1,1930,lublin,floor_4,63191320,secondary,619000,7026,2022-06-13 09:53:21,2022-07-29 18:46:00,4,block,https://www.otodom.pl/pl/oferta/przepiekny-apartament-czwarte-pietro-probostwo-ID4h8VQ.html
37,84,1980,lublin,floor_4,61471004,secondary,510000,6071,2021-02-04 11:32:08,2022-07-29 18:48:09,4,block,https://www.otodom.pl/pl/oferta/mieszkanie-dla-rodziny-84-m2-4-pokoje-czechow-ID49WpO.html
38,,,,,,,,,,,,,
39,32.5,2013,lublin,ground_floor,63329090,secondary,289000,8892,2022-07-22 14:33:16,2022-07-31 07:02:16,1,block,https://www.otodom.pl/pl/oferta/atrakcyjna-kawalerka-z-duzym-balkonem-bronowice-ID4hIMV.html
40,28,1965,lublin,floor_4,63346831,secondary,279000,9964,2022-07-28 12:20:56,2022-07-30 13:55:17,1,block,https://www.otodom.pl/pl/oferta/kawalerka-z-balkonem-wieniawa-ID4hNp5.html
41,,,,,,,,,,,,,
42,24,1980,lublin,ground_floor,63346791,secondary,259000,10792,2022-07-28 12:13:52,2022-07-29 16:44:23,1,block,https://www.otodom.pl/pl/oferta/kawalerka-lsm-ID4hNor.html
43,63.3,1987,lublin,floor_2,63263509,secondary,495000,7820,2022-07-04 18:51:03,2022-07-29 15:42:04,3,block,https://www.otodom.pl/pl/oferta/czechow-gorczanska-3-pokoje-63m2-2-pietro-ID4hrJb.html
44,,,,,,,,,,,,,
45,,,,,,,,,,,,,
46,61,1993,lublin,floor_4,63283088,secondary,365000,5984,2022-07-09 15:06:56,2022-07-29 15:38:39,3,block,https://www.otodom.pl/pl/oferta/czechow-3-pokoje-blisko-uczelni-5-984-zl-m-ID4hvOY.html
47,,,,,,,,,,,,,
48,36,1980,lublin,floor_3,63277288,secondary,336000,9333,2022-07-07 19:33:05,2022-07-29 14:30:48,1,block,https://www.otodom.pl/pl/oferta/czuby-ul-sympatyczna-blisko-uczelni-ID4hwjq.html
49,60,2019,lublin,floor_5,63193149,secondary,845000,14083,2022-06-13 14:19:23,2022-07-29 14:33:21,3,block,https://www.otodom.pl/pl/oferta/unikatowy-apartament-z-tarasem-widokowym-60-m-film-ID4h9ql.html
50,,,,,,,,,,,,,
51,29,1920,lublin,floor_1,63300904,secondary,174000,6000,2022-07-14 12:55:07,2022-07-29 13:55:50,1,tenement,https://www.otodom.pl/pl/oferta/jednopokojowe-do-wejscia-udzialy-ID4hBsk.html
52,,,,,,,,,,,,,
53,45.69,1970,lublin,floor_1,63303271,secondary,455000,9958,2022-07-14 21:55:19,2022-07-29 13:55:47,2,block,https://www.otodom.pl/pl/oferta/2-pokoje-1-pietro-super-aranzacja-niski-blok-ID4hC4w.html
54,,,,,,,,,,,,,
55,,,,,,,,,,,,,
56,82.91,2017,lublin,floor_3,63115737,secondary,860000,10373,2022-05-23 14:52:34,2022-07-29 13:11:21,3,block,https://www.otodom.pl/pl/oferta/piekny-apartament-na-czubach-ID4gPhL.html
57,57.53,2015,lublin,floor_4,63297510,secondary,575000,9995,2022-07-13 14:55:32,2022-07-29 13:03:14,3,block,https://www.otodom.pl/pl/oferta/3-pokoje-wysoki-standard-winda-super-uklad-ID4hAzA.html
58,61.2,1975,lublin,floor_10,63350683,secondary,459000,7500,2022-07-29 12:53:39,2022-07-29 12:59:49,4,block,https://www.otodom.pl/pl/oferta/4-pokoje-rozklad-ciekawy-design-widoki-winda-ID4hOpd.html
59,67.8,1995,lublin,floor_2,63277667,secondary,515000,7596,2022-07-07 21:55:25,2022-07-29 12:53:52,3,block,https://www.otodom.pl/pl/oferta/komfortowe-3-pokojowe-mieszkanie-z-duzym-balkonem-ID4hwpx.html
60,36.77,2024,lublin,floor_1,62823030,primary,323576,8800,2022-02-28 13:07:05,2022-07-30 09:01:17,2,apartment,https://www.otodom.pl/pl/oferta/green-park-funkcjonalny-apartament-a2-8-ID4fB8G.html
61,60.4,1996,lublin,floor_2,63053191,secondary,487000,8063,2022-05-06 14:52:06,2022-07-29 13:55:38,3,block,https://www.otodom.pl/pl/oferta/3-pokoje-rozklad-kameralne-duzy-balkon-ID4gz0X.html
62,68.3,2010,lublin,floor_3,63350342,secondary,539000,7892,2022-07-29 11:54:16,2022-07-29 12:39:55,4,block,https://www.otodom.pl/pl/oferta/komfortowe-dwupoziomowe-mieszkanie-do-wejscia-ID4hOjI.html
63,62.5,1992,lublin,floor_3,63349704,secondary,490000,7840,2022-07-29 09:55:21,2022-07-29 12:40:28,3,block,https://www.otodom.pl/pl/oferta/trzy-pokoje-rozkladowe-czuby-ID4hO9q.html
64,44.38,1968,lublin,floor_1,63349701,secondary,315000,7098,2022-07-29 09:55:11,2022-07-29 12:41:10,2,block,https://www.otodom.pl/pl/oferta/2-pokojowe-oddzielna-kuchnia-tatary-ID4hO9n.html
65,48.3,1971,lublin,floor_8,63346101,secondary,419000,8675,2022-07-28 09:55:19,2022-07-29 13:55:54,3,block,https://www.otodom.pl/pl/oferta/lsm-3-pokoje-rozklad-winda-inwestycyjne-ID4hNdj.html
66,66.54,2022,lublin,floor_4,63245391,primary,599000,9002,2022-06-29 12:16:21,2022-07-29 12:25:14,3,apartment,https://www.otodom.pl/pl/oferta/czuby-os-jutrzenki-3-pokoje-deweloperskie-winda-ID4hn0X.html
67,50,2006,lublin,floor_1,63301016,secondary,499000,9980,2022-07-14 13:16:12,2022-07-29 11:43:00,3,block,https://www.otodom.pl/pl/oferta/wysoki-standard-czuby-3-pokoje-widok-na-las-ID4hBu8.html
68,,,,,,,,,,,,,
69,50.49,2017,lublin,floor_1,63245383,secondary,640000,12676,2022-06-29 12:15:47,2022-07-29 11:47:18,2,apartment,https://www.otodom.pl/pl/oferta/srodmiescie-blisko-um-nowe-kameralne-winda-ID4hn0P.html
70,58.8,2022,lublin,ground_floor,63350130,primary,646800,11000,2022-07-29 11:06:26,2022-07-29 12:33:20,3,apartment,https://www.otodom.pl/pl/oferta/nowe-biuro-mieszkanie-kwarcowa-lublin-ID4hOgi.html
71,89.1,1981,lublin,ground_floor,63304250,secondary,670000,7520,2022-07-15 11:02:27,2022-07-29 11:04:15,4,block,https://www.otodom.pl/pl/oferta/4-7-pokoi-czuby-skarpa-ID4hCki.html
72,,,,,,,,,,,,,
73,,,,,,,,,,,,,
74,53.1,1995,lublin,ground_floor,63295912,secondary,389000,7326,2022-07-13 10:52:47,2022-07-29 10:32:43,2,block,https://www.otodom.pl/pl/oferta/swietna-lokalizacja-bazylianowka-2pokoje-ID4hA9O.html
75,49.44,2010,lublin,floor_1,63194342,secondary,425000,8596,2022-06-13 17:11:18,2022-07-27 18:03:02,2,block,https://www.otodom.pl/pl/oferta/ponikwoda-dozynkowa-2010-pietro-1-ID4h9JA.html
76,48.3,2011,lublin,floor_3,63132447,secondary,399000,8261,2022-05-27 12:50:45,2022-07-30 13:55:22,2,block,https://www.otodom.pl/pl/oferta/sloneczne-dwa-pokoje-weglinek-ID4gTDh.html
77,93.91,2021,lublin,floor_1,63198657,secondary,1099000,11703,2022-06-15 09:53:29,2022-07-30 17:05:08,4,apartment,https://www.otodom.pl/pl/oferta/luksusowo-wykonczony-apartament-z-2021-slawin-film-ID4haRb.html
78,,,,,,,,,,,,,
79,32.04,1979,lublin,ground_floor,63052818,secondary,279000,8708,2022-05-06 13:52:32,2022-07-26 09:55:45,2,block,https://www.otodom.pl/pl/oferta/2-pokoje-nowoczesne-po-remoncie-do-wejscia-ID4gyUV.html
80,85,1978,lublin,floor_3,63022329,secondary,630000,7412,2022-04-26 15:50:58,2022-07-29 11:31:14,5,block,https://www.otodom.pl/pl/oferta/mieszkanie-idealne-dla-duzej-rodziny-ID4gqZb.html
81,,,,,,,,,,,,,
82,56.68,2005,lublin,floor_3,62997066,secondary,469000,8275,2022-04-19 12:32:06,2022-07-25 16:15:33,3,block,https://www.otodom.pl/pl/oferta/trzypokojowe-mieszkanie-na-ul-szafirowej-ID4gkpI.html
83,84,1999,lublin,floor_2,63096451,secondary,655000,7798,2022-05-18 00:54:53,2022-07-25 14:41:07,4,block,https://www.otodom.pl/pl/oferta/przestronne-mieszkanie-blisko-lasu-ID4gKgH.html
84,64.7,1961,lublin,floor_2,63248177,secondary,515000,7960,2022-06-29 21:34:27,2022-07-29 21:37:45,4,block,https://www.otodom.pl/pl/oferta/4-pokoje-64-7m2-loggia-piwnica-ID4hnJT.html
85,58,1975,lublin,floor_4,62924017,secondary,489000,8431,2022-03-28 11:42:06,2022-07-26 12:30:49,4,block,https://www.otodom.pl/pl/oferta/4-pok-po-generalnym-remoncie-na-lsm-i-58m2-i-ID4g1pw.html
86,34,1965,lublin,floor_3,62808279,secondary,329000,9676,2022-02-23 14:32:32,2022-07-23 15:45:33,1,block,https://www.otodom.pl/pl/oferta/kawalerka-idealna-dla-pary-bronowice-do-wejscia-ID4fxiL.html
87,72,2011,lublin,ground_floor,62660687,secondary,709000,9847,2022-01-14 13:42:00,2022-07-13 15:00:53,4,block,https://www.otodom.pl/pl/oferta/komfortowe-mieszkanie-z-duzym-tarasem-lsm-ID4eUUf.html
88,57.31,2010,lublin,floor_2,62831600,secondary,475000,8288,2022-03-02 11:31:15,2022-07-30 12:45:23,3,block,https://www.otodom.pl/pl/oferta/mieszkanie-3-pokoje-54m2-wrotkow-pilna-sprzedaz-ID4fDmU.html
89,59.38,2020,lublin,floor_2,63151518,secondary,549000,9246,2022-06-01 16:10:59,2022-07-27 17:08:42,3,block,https://www.otodom.pl/pl/oferta/sliczne-mieszkanie-w-nowym-bloku-bronowice-ID4gYAS.html
90,50.89,1972,lublin,floor_4,63145428,secondary,360000,7074,2022-05-31 13:52:54,2022-07-30 14:16:48,3,block,https://www.otodom.pl/pl/oferta/3-pokoje-winda-piekny-widok-inwestycyjne-ID4gX0E.html
91,48.07,80,lublin,floor_3,62832731,secondary,349000,7260,2022-03-02 13:46:54,2022-07-16 14:43:41,2,block,https://www.otodom.pl/pl/oferta/ciche-i-sloneczne-2-pokojowe-mieszkanie-ID4fDF9.html
92,48.85,1968,lublin,floor_3,62469719,secondary,439000,8987,2021-11-08 14:11:27,2022-07-08 13:45:18,3,block,https://www.otodom.pl/pl/oferta/46m2-3-pokoje-do-wejscia-blisko-stare-miasto-ID4e7e7.html
93,34.7,2008,lublin,floor_3,62862497,secondary,339000,9769,2022-03-10 14:11:38,2022-07-27 17:24:10,1,block,https://www.otodom.pl/pl/oferta/fantastyczna-kawalerka-na-zamknietym-osiedlu-ID4fLpf.html
94,69,2022,lublin,floor_2,63041345,secondary,567318,8222,2022-05-02 23:10:53,2022-07-28 17:23:09,4,block,https://www.otodom.pl/pl/oferta/klucze-na-juz-eko-park-4pokoje-70m2-ID4gwWT.html
95,,,,,,,,,,,,,
96,39.91,2023,lublin,floor_3,62459235,primary,351208,8800,2021-11-04 17:20:37,2022-07-15 08:57:15,2,block,https://www.otodom.pl/pl/oferta/nowe-mieszkanie-2-pokoje-40m2-czuby-2023r-ID4e4w1.html
97,65.5,2018,lublin,floor_2,63007943,secondary,599000,9145,2022-04-21 20:15:23,2022-07-20 21:00:13,3,block,https://www.otodom.pl/pl/oferta/nowoczesne-przestronne-mieszkanie-cicha-okolica-ID4gnf9.html
98,49.92,2022,lublin,floor_1,61868077,primary,404352,8100,2021-05-19 12:51:09,2022-07-15 09:00:55,3,block,https://www.otodom.pl/pl/oferta/nowe-mieszkanie-3-pokoje-50m2-weglinek-2022r-ID4bAId.html
99,37.57,1959,lublin,ground_floor,62825509,secondary,389000,10354,2022-02-28 20:41:50,2022-07-28 21:45:24,2,block,https://www.otodom.pl/pl/oferta/2-pokojowe-mieszkanie-w-centrum-lublina-38m2-ID4fBMF.html
100,,,,,,,,,,,,,
101,,,,,,,,,,,,,
102,,,,,,,,,,,,,
103,57.9,1980,lublin,floor_3,62811109,secondary,494000,8532,2022-02-24 10:12:22,2022-07-24 11:15:22,4,block,https://www.otodom.pl/pl/oferta/4-pokojowe-mieszkanie-na-czechowie-i-58m2-i-ID4fy2p.html
104,,,,,,,,,,,,,
105,,,,,,,,,,,,,
106,48.3,1980,lublin,ground_floor,63040569,secondary,384000,7950,2022-05-02 13:52:35,2022-07-26 13:43:48,2,block,https://www.otodom.pl/pl/oferta/2-pok-mieszkanie-na-czechowie-i-48m2-i-parter-ID4gwJn.html
107,41.17,2021,lublin,floor_2,62570348,primary,366413,8900,2021-12-09 22:12:12,2022-07-14 15:27:36,2,apartment,https://www.otodom.pl/pl/oferta/mieszkania-czechow-od-6900zl-m2-ID4expa.html
108,61.37,1970,lublin,floor_5,62862053,secondary,640000,10429,2022-03-10 13:11:15,2022-07-25 14:20:40,3,block,https://www.otodom.pl/pl/oferta/piekne-mieszkanie-po-generalnym-remoncie-na-lsm-ID4fLi5.html
109,,,,,,,,,,,,,
110,,,,,,,,,,,,,
111,,,,,,,,,,,,,
112,75.23,2023,lublin,ground_floor,63085789,primary,703400,9350,2022-05-16 10:05:27,2022-07-18 10:54:24,4,block,https://www.otodom.pl/pl/oferta/mieszkanie-4-pokojowe-z-ogrodkiem-e-4-ID4gHuJ.html
113,54.7,1967,lublin,floor_1,63051972,secondary,489000,8940,2022-05-06 11:42:57,2022-07-18 16:04:07,3,block,https://www.otodom.pl/pl/oferta/trzypokojowe-mieszkanie-na-lsmie-ID4gyHi.html
114,65.7,1995,lublin,floor_3,63142395,secondary,410000,6240,2022-05-30 17:35:26,2022-07-29 18:03:37,4,block,https://www.otodom.pl/pl/oferta/mieszkanie-lublin-konstantynow-4-pokoje-ID4gVdJ.html
115,42.57,2022,lublin,floor_3,63101352,primary,293733,6900,2022-05-19 09:41:08,2022-07-21 11:21:37,2,apartment,https://www.otodom.pl/pl/oferta/bez-wkladu-wlasnego-tylko-u-nas-okazja-ID4gLxK.html
116,29.79,2022,lublin,floor_1,63052066,primary,268110,9000,2022-05-06 12:01:02,2022-07-12 17:30:51,1,block,https://www.otodom.pl/pl/oferta/kawalerka-oddzielna-kuchnia-30m2-czuby-2022r-ID4gyIO.html
117,50,2013,lublin,floor_3,63347465,secondary,510000,10200,2022-07-28 14:09:43,2022-07-29 08:33:05,2,block,https://www.otodom.pl/pl/oferta/nowoczesne-mieszkanie-50m2-2-pok-dunikowskiego-ID4hNzj.html
118,62,1985,lublin,floor_3,63345844,secondary,465000,7500,2022-07-28 07:45:06,2022-07-29 07:11:54,3,block,https://www.otodom.pl/pl/oferta/czechow-62-mkw-3-pokoje-dobry-stan-ID4hN9a.html
119,,,,,,,,,,,,,
120,81,2002,lublin,floor_4,63349160,secondary,449000,5543,2022-07-28 22:22:14,2022-07-28 22:23:48,2,block,https://www.otodom.pl/pl/oferta/81-m2-ul-bursztynowa-garaz-bezposrednio-ID4hO0E.html
121,36.5,1965,lublin,floor_4,63348970,secondary,370000,10137,2022-07-28 20:45:16,2022-07-28 21:37:32,1,block,https://www.otodom.pl/pl/oferta/kawalerka-w-srodmiesciu-ID4hNXA.html
122,66.8,1995,lublin,floor_2,63349013,secondary,649000,9716,2022-07-28 21:10:08,2022-07-30 21:20:21,3,block,https://www.otodom.pl/pl/oferta/piekne-mieszkanie-na-zielonym-slawinie-ID4hNYh.html
123,,,,,,,,,,,,,
124,,,,,,,,,,,,,
125,,,,,,,,,,,,,
126,,,,,,,,,,,,,
127,,,,,,,,,,,,,
128,57.91,2016,lublin,floor_2,63348873,secondary,620000,10706,2022-07-28 19:47:45,2022-07-29 10:43:54,3,block,https://www.otodom.pl/pl/oferta/mieszkanie-3-pokoje-felin-ID4hNV1.html
129,63.29,20015,lublin,floor_2,63243141,secondary,630000,9954,2022-06-28 18:20:36,2022-07-28 18:31:23,4,block,https://www.otodom.pl/pl/oferta/komfortowe-cztery-pokoje-przy-ul-gesiej-ID4hmqF.html
130,,,,,,,,,,,,,
131,48.98,1980,lublin,floor_4,63301995,secondary,409000,8350,2022-07-14 15:35:30,2022-07-28 16:14:17,3,block,https://www.otodom.pl/pl/oferta/3-pokoje-wrotkow-po-remoncie-ID4hBJW.html
132,,,,,,,,,,,,,
133,,,,,,,,,,,,,
134,58.09,2022,lublin,ground_floor,63242166,primary,440000,7574,2022-06-28 14:55:41,2022-07-28 15:02:13,3,block,https://www.otodom.pl/pl/oferta/mieszkanie-3-pokoje-z-ogrodem-weglinek-ID4hmaV.html
135,,,,,,,,,,,,,
136,38,1968,lublin,floor_4,63195435,secondary,375000,9868,2022-06-13 23:05:08,2022-07-28 13:25:19,2,block,https://www.otodom.pl/pl/oferta/2-pokoje-z-balkonem-blisko-um-ID4ha1d.html
137,70,2012,lublin,ground_floor,63188078,secondary,520000,7429,2022-06-11 10:35:16,2022-07-28 13:24:31,4,block,https://www.otodom.pl/pl/oferta/przestronne-4-pokoje-os-botanik-ID4h86y.html
138,36,1982,lublin,floor_7,63048552,secondary,309000,8583,2022-05-05 13:11:42,2022-07-28 13:23:06,1,block,https://www.otodom.pl/pl/oferta/kawalerka-z-duzym-balkonem-czechow-ID4gxO8.html
139,,,,,,,,,,,,,
140,,,,,,,,,,,,,
141,33.2,1981,lublin,ground_floor,63242168,secondary,349000,10512,2022-06-28 14:55:50,2022-07-29 13:06:12,2,block,https://www.otodom.pl/pl/oferta/2-pokoje-nowoczesne-gotowe-blisko-um-balkon-ID4hmaY.html
142,41.6,1965,lublin,floor_2,63242161,secondary,388000,9327,2022-06-28 14:55:31,2022-07-29 13:06:49,2,block,https://www.otodom.pl/pl/oferta/2-pokoje-nowoczesne-swieze-balkon-rozklad-ID4hmaR.html
143,,,,,,,,,,,,,
144,62,1976,lublin,floor_3,63227564,secondary,499000,8048,2022-06-23 17:44:52,2022-07-25 16:15:37,4,block,https://www.otodom.pl/pl/oferta/4-pokoje-po-remoncie-blisko-centrum-ID4hinq.html
145,,,,,,,,,,,,,
146,,,,,,,,,,,,,
147,53.34,2010,lublin,floor_1,63146397,secondary,448000,8399,2022-05-31 14:43:29,2022-07-30 15:01:38,2,block,https://www.otodom.pl/pl/oferta/sloneczne-dwupokojowe-mieszkanie-na-ponikwodzie-ID4gXgh.html
148,,,,,,,,,,,,,
149,69,2000,lublin,floor_1,63243623,secondary,575000,8333,2022-06-28 21:02:21,2022-07-30 21:05:39,4,block,https://www.otodom.pl/pl/oferta/mieszkanie-4-pokoje-69m-1-pietro-z-garazem-ID4hmyr.html
150,,,,,,,,,,,,,
151,48.07,1980,lublin,floor_3,63025973,secondary,349000,7260,2022-04-27 14:21:07,2022-07-29 15:41:30,2,block,https://www.otodom.pl/pl/oferta/mieszkanie-2-pokojowe-z-widokiem-na-piekna-zielen-ID4grWX.html
152,,,,,,,,,,,,,
153,64,2006,lublin,floor_2,63042413,secondary,519000,8109,2022-05-03 16:56:07,2022-07-19 07:44:21,3,block,https://www.otodom.pl/pl/oferta/mieszkanie-64m2-bazylianowka-lublin-ID4gvd7.html
154,67.5,2022,lublin,floor_6,62931002,primary,599000,8874,2022-03-29 17:38:36,2022-07-29 18:47:07,3,apartment,https://www.otodom.pl/pl/oferta/usmiechnij-sie-apartament-3-pok-orkana-residence-ID4g3ea.html
155,82.78,1997,lublin,floor_3,62955406,secondary,535000,6463,2022-04-05 16:33:25,2022-07-26 12:09:39,4,block,https://www.otodom.pl/pl/oferta/mieszkanie-dwupoziomowe-4-pokoje-czuby-ID4g9zM.html
156,57.51,2012,lublin,floor_1,62635738,secondary,549000,9546,2022-01-06 19:30:12,2022-07-29 14:54:07,3,block,https://www.otodom.pl/pl/oferta/sprzedam-mieszkanie-57-51-lublin-ponikwoda-ID4eOpQ.html
157,,,,,,,,,,,,,
158,33.58,2011,lublin,ground_floor,63143642,secondary,355000,10572,2022-05-31 07:52:07,2022-07-30 08:15:11,2,block,https://www.otodom.pl/pl/oferta/2-pokoje-w-nowym-bloku-na-dziesiatej-ID4gVxQ.html
159,43.62,2023,lublin,floor_2,62632925,primary,383856,8800,2022-01-05 15:55:51,2022-07-22 10:17:18,2,block,https://www.otodom.pl/pl/oferta/osiedle-jemioluszki-budynek-d-mieszkanie-m14-ID4eNGt.html
160,56.15,2023,lublin,floor_1,62632360,primary,482890,8600,2022-01-05 14:59:36,2022-07-22 10:17:08,3,block,https://www.otodom.pl/pl/oferta/osiedle-jemioluszki-budynek-ab-mieszkanie-m40-ID4eNxm.html
161,,,,,,,,,,,,,
162,51.18,2023,lublin,floor_3,62632642,primary,440148,8600,2022-01-05 15:22:30,2022-07-22 10:17:15,3,block,https://www.otodom.pl/pl/oferta/osiedle-jemioluszki-budynek-c-mieszkanie-m27-ID4eNBU.html
163,,,,,,,,,,,,,
164,,,,,,,,,,,,,
165,60.6,1985,lublin,floor_4,62944659,secondary,399000,6584,2022-04-02 09:37:12,2022-07-11 10:33:06,3,block,https://www.otodom.pl/pl/oferta/czuby-3-pokoje-piekna-zielona-okolica-ID4g6Mr.html
166,52,1954,lublin,floor_2,63153193,secondary,369000,7096,2022-06-02 09:53:09,2022-07-22 10:13:56,2,block,https://www.otodom.pl/pl/oferta/dwa-pokoje-drugie-pietro-bronowice-ID4gZ1T.html
167,42.91,2022,lublin,floor_4,63196801,primary,359000,8366,2022-06-14 12:16:08,2022-07-30 16:56:49,2,block,https://www.otodom.pl/pl/oferta/2-pok-42-91m2-stan-deweloperski-ID4hanf.html
168,,,,,,,,,,,,,
169,65,2010,lublin,floor_4,63299353,secondary,795000,12231,2022-07-14 00:00:41,2022-07-28 00:04:54,3,apartment,https://www.otodom.pl/pl/oferta/mieszkanie-65-m2-lublin-czuby-wisniowy-sad-ID4hB3j.html
170,65,2012,lublin,floor_2,63345481,secondary,584000,8985,2022-07-27 22:20:13,2022-07-27 22:24:21,3,block,https://www.otodom.pl/pl/oferta/mieszkanie-65-m2-3-pokoje-ul-dunikowskiego-ID4hN3j.html
171,57,1969,lublin,floor_4,63345390,secondary,390000,6842,2022-07-27 21:35:17,2022-07-27 21:45:19,3,block,https://www.otodom.pl/pl/oferta/mieszkanie-kalinowszczyzna-ul-dembowskiego-ID4hN1Q.html
172,73.5,2010,lublin,floor_5,63294901,secondary,795000,10816,2022-07-12 21:15:59,2022-07-27 21:17:42,3,block,https://www.otodom.pl/pl/oferta/mieszkanie-73-5-m2-3-pokoje-garderoba-ID4hzTw.html
173,78.6,1993,lublin,floor_2,63254716,secondary,519000,6603,2022-07-01 13:11:56,2022-07-27 18:23:51,5,block,https://www.otodom.pl/pl/oferta/5-pokoi-przy-samej-politechnice-ID4hprm.html
174,54.55,2022,lublin,floor_4,63344644,secondary,600000,10999,2022-07-27 16:45:51,2022-07-29 17:12:03,3,apartment,https://www.otodom.pl/pl/oferta/nowe-3-pokoje-gotowe-do-wprowadzenia-ID4hMPO.html
175,50,2022,lublin,floor_5,63344069,secondary,498000,9960,2022-07-27 15:27:41,2022-07-29 15:37:15,3,apartment,https://www.otodom.pl/pl/oferta/ladne-i-nowe-3-pokoje-na-weglinku-ID4hMGx.html
176,47,2022,lublin,floor_3,63341850,secondary,465000,9894,2022-07-27 10:25:33,2022-07-27 15:26:26,3,block,https://www.otodom.pl/pl/oferta/3-nowe-pokoje-felin-ID4hM6K.html
177,,,,,,,,,,,,,
178,48,2022,lublin,floor_1,63297262,primary,440000,9167,2022-07-13 14:21:36,2022-07-27 14:22:49,2,apartment,https://www.otodom.pl/pl/oferta/ponikwoda-48m2-garaz-1-pietro-poludniowe-balkon-ID4hAwA.html
179,48.76,2022,lublin,ground_floor,62737562,primary,424460,8705,2022-02-05 09:12:18,2022-07-27 14:33:15,3,apartment,https://www.otodom.pl/pl/oferta/koncertowa-18-nowe-budownictwo-0-prowizji-ID4feUa.html
180,50,1965,lublin,floor_1,62667769,secondary,398850,7977,2022-01-17 11:18:23,2022-07-29 13:42:20,3,block,https://www.otodom.pl/pl/oferta/fantastyczne-mieszkanie-1-pietro-0-prowizji-ID4eVKt.html
181,,,,,,,,,,,,,
182,,,,,,,,,,,,,
183,50.04,2022,lublin,ground_floor,61702293,primary,400320,8000,2021-04-06 13:10:47,2022-07-28 09:01:01,3,block,https://www.otodom.pl/pl/oferta/mieszkanie-w-inwestycji-nowa-jantarowa-b1m46-ID4aTAh.html
184,59.67,2022,lublin,ground_floor,61702220,primary,483327,8100,2021-04-06 13:00:48,2022-07-30 17:00:14,3,block,https://www.otodom.pl/pl/oferta/mieszkanie-w-inwestycji-nowa-jantarowa-b1m1-ID4aTz6.html
185,78.35,2000,lublin,ground_floor,63292089,secondary,680000,8679,2022-07-12 12:26:33,2022-07-27 12:30:16,3,block,https://www.otodom.pl/pl/oferta/przestronne-mieszkanie-w-doskonalej-lokalizacji-ID4hza9.html
186,59.59,2008,lublin,floor_3,63035017,secondary,515000,8642,2022-04-29 15:20:49,2022-07-28 16:00:59,3,block,https://www.otodom.pl/pl/oferta/lublin-bazylianowka-3-pokoje-ul-dozynkowa-ID4guhP.html
187,54.5,1965,lublin,floor_2,63176088,secondary,489000,8972,2022-06-08 13:31:57,2022-07-27 12:21:40,3,block,https://www.otodom.pl/pl/oferta/lublin-lsm-ul-balladyny-3-pokoje-ID4h4Za.html
188,56,1971,lublin,floor_4,63060562,secondary,499000,8911,2022-05-09 13:50:48,2022-07-27 12:21:40,4,block,https://www.otodom.pl/pl/oferta/mieszkanie-lublin-lsm-ul-krasinskiego-4pokoje-ID4gAWQ.html
189,124.95,1879,lublin,floor_3,62866909,secondary,960000,7683,2022-03-11 14:32:07,2022-07-27 11:46:40,5,tenement,https://www.otodom.pl/pl/oferta/centrum-125-m2-obok-placu-litewskiego-ID4fMyp.html
190,57.54,1974,lublin,floor_3,62987961,secondary,348000,6048,2022-04-14 18:12:00,2022-07-27 11:46:40,3,block,https://www.otodom.pl/pl/oferta/mieszkanie-3-pokojowe-57-5-m2-melgiewska-ID4gi2R.html
191,69.2,1998,lublin,floor_1,63241688,secondary,569000,8223,2022-06-28 13:45:41,2022-07-28 14:01:28,3,block,https://www.otodom.pl/pl/oferta/mieszkanie-3-pokoje-czechow-dolny-ID4hm3e.html
192,,,,,,,,,,,,,
193,61.9,1970,lublin,floor_9,63341846,secondary,509000,8223,2022-07-27 10:25:15,2022-07-30 15:21:10,3,block,https://www.otodom.pl/pl/oferta/mieszkanie-63-m2-3-pokoje-lsm-ID4hM6G.html
194,62.2,1978,lublin,floor_2,63279387,secondary,529000,8505,2022-07-08 13:01:12,2022-07-29 20:02:31,4,block,https://www.otodom.pl/pl/oferta/4-pokoje-na-czechowie-idealne-pod-wynajem-ID4hwRh.html
195,61.8,1998,lublin,floor_3,63295642,secondary,439000,7104,2022-07-13 09:55:22,2022-07-27 11:18:04,3,block,https://www.otodom.pl/pl/oferta/trzy-pokoje-klimatyczne-dwustronne-czuby-ID4hA5s.html
196,62.2,1986,lublin,floor_4,63279391,secondary,529000,8505,2022-07-08 13:01:21,2022-07-29 20:02:32,4,block,https://www.otodom.pl/pl/oferta/atrakcyjne-4-pokoje-na-czechowie-ul-lipinskiego-ID4hwRl.html
197,27.46,2022,lublin,floor_5,63277303,primary,346000,12600,2022-07-07 19:35:33,2022-07-27 11:06:24,1,block,https://www.otodom.pl/pl/oferta/kawalerkaeko-parkpiekna-brak-pcc-ID4hwjF.html
198,61.18,1960,lublin,ground_floor,63295979,secondary,495000,8091,2022-07-13 10:57:13,2022-07-27 10:56:10,3,tenement,https://www.otodom.pl/pl/oferta/mieszkanie-sprzedaz-3-pokoje-probostwo-lublin-ID4hAaT.html
199,60,1980,lublin,floor_10,63285536,secondary,499000,8317,2022-07-10 20:45:15,2022-07-27 10:45:12,4,block,https://www.otodom.pl/pl/oferta/czteropokojowe-mieszkanie-po-generalnym-remoncie-ID4hxss.html
200,80.2,2007,lublin,floor_2,63341897,secondary,599000,7469,2022-07-27 10:41:34,2022-07-27 10:42:00,3,block,https://www.otodom.pl/pl/oferta/czuby-dwupoziomowe-trzy-pokoje-miejsce-postojowe-ID4hM7w.html
201,46.1,1976,lublin,ground_floor,63270326,secondary,359000,7787,2022-07-06 12:31:41,2022-07-29 20:02:28,3,block,https://www.otodom.pl/pl/oferta/3-pokojowe-mieszkanie-na-kalinowszczyznie-lwowska-ID4htw8.html
202,54.1,1999,lublin,ground_floor,63283076,secondary,481000,8891,2022-07-09 15:03:39,2022-07-29 20:02:37,3,block,https://www.otodom.pl/pl/oferta/trzy-pokoje-w-niskim-bloku-na-slawinie-ID4hvOM.html
203,74.6,1993,lublin,floor_2,63238997,secondary,590000,7909,2022-06-27 18:32:41,2022-07-27 18:35:48,4,block,https://www.otodom.pl/pl/oferta/mieszkanie-4-pok-dziesiata-lublin-bezposrednio-ID4hllP.html
204,39,1970,lublin,floor_10,63227566,secondary,379000,9718,2022-06-23 17:45:06,2022-07-26 09:25:25,2,block,https://www.otodom.pl/pl/oferta/lsm2-pokoje-idealna-na-wynajem-wyposazone-ID4hins.html
205,83,2008,lublin,floor_3,63226874,secondary,575000,6928,2022-06-23 15:16:28,2022-07-25 14:04:10,4,block,https://www.otodom.pl/pl/oferta/4-pokoje-bajkowa-slawinek-2-poziomy-ID4hici.html
206,59.7,1989,lublin,floor_4,63196080,secondary,430000,7203,2022-06-14 09:40:47,2022-07-28 09:46:39,3,block,https://www.otodom.pl/pl/oferta/mieszkanie-59-7-m2-lublin-cena-do-negocjacji-ID4habC.html
207,,,,,,,,,,,,,
208,,,,,,,,,,,,,
209,60.78,2008,lublin,floor_2,63026297,secondary,540000,8885,2022-04-27 15:10:49,2022-07-29 15:41:31,3,block,https://www.otodom.pl/pl/oferta/przestronne-mieszkanie-z-panorama-na-miasto-ID4gs1b.html
210,48,1980,lublin,floor_4,63341881,secondary,410000,8542,2022-07-27 10:33:03,2022-07-27 10:33:32,3,block,https://www.otodom.pl/pl/oferta/czechow-blisko-medyczny-3-pokoje-po-remoncie-ID4hM7f.html
211,,,,,,,,,,,,,
212,58,1976,lublin,floor_4,63217055,secondary,482000,8310,2022-06-21 13:26:11,2022-07-25 14:06:38,4,block,https://www.otodom.pl/pl/oferta/wynajete-inwestycyjne-4-pokojowe-mieszkanie-lsm-ID4hfDW.html
213,,,,,,,,,,,,,
214,,,,,,,,,,,,,
215,36.21,1975,lublin,floor_6,62813244,secondary,389000,10743,2022-02-24 15:52:25,2022-07-29 13:11:54,2,block,https://www.otodom.pl/pl/oferta/2-pokoje-komfort-swieze-przy-pl-balkon-ID4fyAQ.html
216,70,2011,lublin,floor_3,63199538,secondary,659000,9414,2022-06-15 12:06:04,2022-07-27 12:31:29,3,block,https://www.otodom.pl/pl/oferta/komfortowe-z-miejscem-postojowym-czuby-poreba-ID4hb5o.html
217,68.5,1974,lublin,floor_1,62686094,secondary,500000,7299,2022-01-21 14:53:16,2022-07-20 16:15:37,4,block,https://www.otodom.pl/pl/oferta/4-pokoje-pierwsze-pietro-ID4f1v2.html
218,,,,,,,,,,,,,
219,58.5,2007,lublin,floor_2,62992157,secondary,549000,9385,2022-04-16 07:35:11,2022-07-15 08:15:04,3,block,https://www.otodom.pl/pl/oferta/mieszkanie-sprzedaz-3-pokoje-lublin-ponikwoda-ul-ID4gj8x.html
220,50.95,1957,lublin,floor_2,63000396,secondary,429000,8420,2022-04-20 11:02:30,2022-07-28 16:14:12,2,tenement,https://www.otodom.pl/pl/oferta/dwupokojowe-mieszkanie-500-m-od-bramy-krakowskiej-ID4glhq.html
221,59.91,2022,lublin,ground_floor,61702273,primary,485271,8100,2021-04-06 13:06:11,2022-07-31 09:00:20,3,tenement,https://www.otodom.pl/pl/oferta/mieszkanie-w-inwestycji-nowa-jantarowa-b1m41-ID4aTzX.html
222,,,,,,,,,,,,,
223,,,,,,,,,,,,,
224,97.5,1994,lublin,floor_4,61875404,secondary,720000,7385,2021-05-20 20:30:20,2022-07-15 08:38:30,5,block,https://www.otodom.pl/pl/oferta/dwupoziomowe-mieszkanie-przy-rondzie-krwiodawcow-ID4bCCo.html
225,49.62,2018,lublin,floor_1,62951783,secondary,446000,8988,2022-04-04 18:50:34,2022-07-13 11:05:07,2,block,https://www.otodom.pl/pl/oferta/koralowa-dwa-pokoje-50mkw-miejsce-postojowe-ID4g8Dl.html
226,47.4,2023,lublin,ground_floor,62704923,primary,346020,7300,2022-01-27 10:53:48,2022-07-29 09:00:40,2,block,https://www.otodom.pl/pl/oferta/nowa-kreta-b1-mieszkanie-lm-51-ID4f6pJ.html
227,48.11,1980,lublin,ground_floor,63094433,secondary,399000,8293,2022-05-17 18:31:43,2022-07-29 13:55:40,2,block,https://www.otodom.pl/pl/oferta/2-pokoje-dwustronne-blisko-um-ID4gJK9.html
228,36.92,2023,lublin,ground_floor,62704925,primary,280592,7600,2022-01-27 10:54:18,2022-07-30 09:00:30,1,block,https://www.otodom.pl/pl/oferta/nowa-kreta-b1-mieszkanie-lm-53-ID4f6pL.html
229,,,,,,,,,,,,,
230,46.94,2023,lublin,floor_3,62704916,primary,347356,7400,2022-01-27 10:52:59,2022-07-28 09:00:58,2,block,https://www.otodom.pl/pl/oferta/nowa-kreta-b1-mieszkanie-lm-48-ID4f6pC.html
231,,,,,,,,,,,,,
232,44.38,1968,lublin,floor_1,63340151,secondary,315000,7098,2022-07-26 16:25:33,2022-07-28 16:23:36,2,block,https://www.otodom.pl/pl/oferta/2pokoje-44-4m2-przyjazni-ID4hLFl.html
233,47,1979,lublin,floor_1,62978188,secondary,355000,7553,2022-04-12 12:21:16,2022-07-20 11:15:24,3,block,https://www.otodom.pl/pl/oferta/mieszkanie-3-pokoje-47-m2-kalinowszczyzna-1-pietro-ID4gfwe.html
234,29.51,1910,lublin,ground_floor,63198978,secondary,255000,8641,2022-06-15 10:16:35,2022-07-22 11:06:47,2,tenement,https://www.otodom.pl/pl/oferta/ostatnie-mieszkanie-30m2-2-pokoje-parter-ID4haVm.html
235,,,,,,,,,,,,,
236,,,,,,,,,,,,,
237,49,2013,lublin,floor_2,63035639,secondary,449000,9163,2022-04-29 17:15:15,2022-07-28 18:00:37,2,block,https://www.otodom.pl/pl/oferta/mieszkanie-2-pokoje-49-m2-weglinek-2013-r-ID4gurR.html
238,47.75,2013,lublin,floor_1,63341238,secondary,450000,9424,2022-07-26 23:07:30,2022-07-27 00:33:06,3,block,https://www.otodom.pl/pl/oferta/3-pokoje-48m-krysztalowa-weglinek-ID4hLVS.html
239,,,,,,,,,,,,,
240,,,,,,,,,,,,,
241,,,,,,,,,,,,,
242,48.98,1979,lublin,floor_1,63340654,secondary,429000,8759,2022-07-26 18:33:09,2022-07-26 18:52:51,3,block,https://www.otodom.pl/pl/oferta/3-pokoje-do-wejscia-dunikowskiego-ID4hLNs.html
243,59.02,1997,lublin,floor_3,63261046,secondary,539000,9132,2022-07-04 12:12:51,2022-07-26 18:16:45,3,block,https://www.otodom.pl/pl/oferta/mieszkanie-3-pokojowe-na-wieniawie-blisko-centrum-ID4hr5s.html
244,,,,,,,,,,,,,
245,,,,,,,,,,,,,
246,,,,,,,,,,,,,
247,62,1997,lublin,floor_3,63338058,secondary,415000,6694,2022-07-26 11:04:41,2022-07-26 17:05:13,3,block,https://www.otodom.pl/pl/oferta/przestronne-62m2-czuby-os-poreba-blok-1997r-ID4hL7A.html
248,49,1989,lublin,floor_4,63338057,secondary,429000,8755,2022-07-26 11:04:31,2022-07-26 16:39:07,2,block,https://www.otodom.pl/pl/oferta/do-wejscia-2-pokoje-czuby-duzy-balkon-1-pietro-ID4hL7z.html
249,50,1989,lublin,floor_2,63312396,secondary,410000,8200,2022-07-18 12:13:33,2022-07-29 09:15:13,2,block,https://www.otodom.pl/pl/oferta/czuby-2-pokoje-do-wejscia-ID4hErG.html
250,,,,,,,,,,,,,
251,41.05,2000,lublin,ground_floor,63300966,secondary,339000,8258,2022-07-14 13:11:38,2022-07-29 16:10:55,2,block,https://www.otodom.pl/pl/oferta/slawinek-41-mkw-z-dzialka-ID4hBtk.html
252,53.53,2022,lublin,floor_1,62720855,primary,440000,8220,2022-02-01 10:06:31,2022-07-26 13:05:51,3,block,https://www.otodom.pl/pl/oferta/3-pokojowe-mieszkanie-pow-53-53-m2-weglinek-ID4fayH.html
253,64.92,2023,lublin,floor_3,62705016,primary,460932,7100,2022-01-27 11:07:30,2022-07-26 12:30:32,3,block,https://www.otodom.pl/pl/oferta/nowa-kreta-b1-mieszkanie-lm-103-ID4f6re.html
254,65.93,2023,lublin,floor_3,62705009,primary,468103,7100,2022-01-27 11:06:02,2022-07-26 12:30:31,3,block,https://www.otodom.pl/pl/oferta/nowa-kreta-b1-mieszkanie-lm-97-ID4f6r7.html
255,32.74,2023,lublin,floor_3,62705012,primary,252098,7700,2022-01-27 11:06:44,2022-07-26 12:30:32,1,block,https://www.otodom.pl/pl/oferta/nowa-kreta-b1-mieszkanie-lm-100-ID4f6ra.html
256,,,,,,,,,,,,,
257,,,,,,,,,,,,,
258,,,,,,,,,,,,,
259,57.32,2014,lublin,ground_floor,63190395,secondary,630000,10991,2022-06-12 18:01:37,2022-07-22 13:33:59,2,block,https://www.otodom.pl/pl/oferta/mieszkanie-57-32-2-pokoje-ul-polnocna-6-ID4h8HW.html
260,58.6,1987,lublin,floor_2,63164865,secondary,455000,7765,2022-06-06 09:11:48,2022-07-14 16:54:26,3,block,https://www.otodom.pl/pl/oferta/3-pokoje-na-dziewanny-60m2-ii-pietro-niski-blok-ID4h249.html
261,,,,,,,,,,,,,
262,48.2,1974,lublin,floor_3,63085082,secondary,399000,8278,2022-05-15 21:20:48,2022-07-20 13:58:40,3,block,https://www.otodom.pl/pl/oferta/mieszkanie-48-m2-kalinowszczyzna-lublin-ID4gHjk.html
263,,,,,,,,,,,,,
264,46,1966,lublin,floor_1,63028472,secondary,389000,8457,2022-04-28 10:21:30,2022-07-29 12:12:30,3,block,https://www.otodom.pl/pl/oferta/3-pokoje-46-m2-lsm-blisko-uczelni-ID4gsAg.html
265,,,,,,,,,,,,,
266,69.99,2023,lublin,floor_1,62900208,primary,525000,7501,2022-03-21 14:20:45,2022-07-27 12:21:27,4,block,https://www.otodom.pl/pl/oferta/mieszkanie-lublin-bazylianowka-2023-4pokoje-ID4fWdu.html
267,,,,,,,,,,,,,
268,45.7,1970,lublin,floor_4,62824876,secondary,345000,7549,2022-02-28 17:22:17,2022-07-28 18:31:03,2,block,https://www.otodom.pl/pl/oferta/mieszkanie-2-pokojowe-przy-ul-zana-ID4fBCs.html
269,,,,,,,,,,,,,
270,78.6,1927,lublin,ground_floor,63034776,secondary,620000,7888,2022-04-29 14:33:10,2022-07-28 15:16:46,3,tenement,https://www.otodom.pl/pl/oferta/3-pokoje-narutowicza-37-w-odnowionej-kamienicy-ID4gudV.html
271,49.92,2022,lublin,floor_1,62646449,primary,404352,8100,2022-01-11 08:29:46,2022-07-17 19:01:18,3,block,https://www.otodom.pl/pl/oferta/nowe-mieszkanie-osiedle-koralowe-k9-12-ID4eRcB.html
272,104,2018,lublin,floor_6,62449536,secondary,1415000,13606,2021-11-02 14:50:39,2022-07-30 17:00:37,4,block,https://www.otodom.pl/pl/oferta/mieszkanie-lublin-ul-naleczowska-4pokoje-ID4e1YA.html
273,49.83,1960,lublin,floor_2,63040574,secondary,379000,7606,2022-05-02 13:53:42,2022-07-05 15:29:44,2,block,https://www.otodom.pl/pl/oferta/49-83-m2-drugie-pietro-dwa-pokoje-ID4gwJs.html
274,57.8,1973,lublin,floor_3,63137560,secondary,430000,7439,2022-05-29 10:40:53,2022-07-28 10:43:48,3,block,https://www.otodom.pl/pl/oferta/mieszkanie-58m2-3-pokoje-3-pietro-lsm-ID4gUXK.html
275,,,,,,,,,,,,,
276,62.51,2022,lublin,ground_floor,62646523,primary,506331,8100,2022-01-11 08:48:12,2022-07-26 11:26:31,3,block,https://www.otodom.pl/pl/oferta/nowe-mieszkanie-osiedle-koralowe-k9-39-ID4eRdN.html
277,41.57,1954,lublin,floor_2,63155364,secondary,339000,8155,2022-06-02 15:40:52,2022-07-29 15:42:00,2,block,https://www.otodom.pl/pl/oferta/bronowice-2-pokoje-42m2-2-pietro-po-remoncie-ID4gZAU.html
278,49.98,2022,lublin,floor_3,61668510,primary,404838,8100,2021-03-25 18:50:33,2022-07-18 22:45:07,3,block,https://www.otodom.pl/pl/oferta/nowe-mieszkanie-3-pokoje-50m2-weglinek-2022r-ID4aKNo.html
279,70,1979,lublin,ground_floor,62647929,secondary,440000,6286,2022-01-11 13:11:47,2022-07-10 15:15:48,3,block,https://www.otodom.pl/pl/oferta/mieszkanie-inwestycyjne-70m2-miasteczko-akademicki-ID4eRAt.html
280,66.8,1980,lublin,floor_9,63332634,secondary,469000,7021,2022-07-24 18:00:21,2022-07-26 10:09:21,3,block,https://www.otodom.pl/pl/oferta/rodzinne-osiedle-ul-paderewskiego-3-pokoje-ID4hJI6.html
281,59.66,2022,lublin,floor_3,61688165,primary,483246,8100,2021-03-31 15:35:24,2022-07-24 19:45:19,3,block,https://www.otodom.pl/pl/oferta/nowe-mieszkanie-3-pokoje-k-60m2-czuby-2022r-ID4aPUp.html
282,38.93,1950,lublin,floor_1,63014330,secondary,320000,8220,2022-04-24 16:20:27,2022-07-27 11:11:17,1,tenement,https://www.otodom.pl/pl/oferta/lublin-centrum-ul-krucza-ID4goUa.html
283,57.35,2023,lublin,floor_4,62710541,primary,464535,8100,2022-01-28 16:11:43,2022-07-27 17:31:12,3,block,https://www.otodom.pl/pl/oferta/3-pokoje-weglinek-ID4f7Sl.html
284,31.49,2023,lublin,floor_1,62711167,primary,267665,8500,2022-01-28 18:51:26,2022-07-27 20:15:21,1,block,https://www.otodom.pl/pl/oferta/kawalerka-na-weglinku-mozliwosc-2-pokoi-ID4f82r.html
285,49.74,2023,lublin,floor_2,62673098,primary,477504,9600,2022-01-18 13:30:50,2022-07-27 12:21:12,2,block,https://www.otodom.pl/pl/oferta/lublin-czuby-2-pokoje-okol-ul-orkana-2023r-ID4eY8q.html
286,28.31,2022,lublin,floor_1,62840816,primary,319903,11300,2022-03-04 11:07:47,2022-07-03 11:45:43,1,apartment,https://www.otodom.pl/pl/oferta/apartamenty-sowinskiego-lublin-apartament-m07-ID4fFLy.html
287,,,,,,,,,,,,,
288,,,,,,,,,,,,,
289,69.5,1983,lublin,floor_3,62887927,secondary,499000,7180,2022-03-17 13:10:40,2022-07-27 12:21:25,3,block,https://www.otodom.pl/pl/oferta/mieszkanie-lublin-czechow-ul-harnasie-3-pokoje-ID4fS1p.html
290,,,,,,,,,,,,,
291,,,,,,,,,,,,,
292,34.1,2023,lublin,floor_4,62383216,primary,337590,9900,2021-10-13 15:00:36,2022-07-28 14:30:22,2,block,https://www.otodom.pl/pl/oferta/lublin-czuby-2-pokoje-okol-ul-orkana-2023r-ID4dKIU.html
293,80.62,2023,lublin,ground_floor,60369407,primary,540154,6700,2020-03-31 12:29:29,2022-07-27 17:03:52,5,block,https://www.otodom.pl/pl/oferta/felin-park-ul-skalskiego-m30-ID45iQ7.html
294,76,1989,lublin,floor_1,62681788,secondary,499000,6566,2022-01-20 13:55:20,2022-07-19 15:15:52,3,house,https://www.otodom.pl/pl/oferta/mieszkanie-3-pokoje-slawin-ID4f0oA.html
295,,,,,,,,,,,,,
296,,,,,,,,,,,,,
297,60,2008,lublin,floor_2,62888290,secondary,530000,8833,2022-03-17 14:01:13,2022-07-28 13:50:17,3,block,https://www.otodom.pl/pl/oferta/3-pokojowe-mieszkanie-dozynkowa-ID4fS7g.html
298,64,1996,lublin,floor_3,62920022,secondary,469900,7342,2022-03-26 10:22:19,2022-07-24 11:15:24,3,block,https://www.otodom.pl/pl/oferta/rozkladowe-3-4-pokoje-blok-1996r-ID4g0n4.html
299,71.95,2023,lublin,floor_1,62867162,primary,547000,7603,2022-03-11 15:10:35,2022-07-27 12:21:16,4,block,https://www.otodom.pl/pl/oferta/lublin-czechow-4pokoje-2balkony-ul-koncertowa-2023-ID4fMCu.html
300,49,1955,lublin,floor_2,62678242,secondary,399000,8143,2022-01-19 15:20:54,2022-07-18 18:25:15,3,block,https://www.otodom.pl/pl/oferta/piekne-mieszkanie-3-pok-po-rem-gen-ul-motorowa-3-ID4eZto.html
301,,,,,,,,,,,,,
302,49.92,2022,lublin,ground_floor,61702269,primary,399360,8000,2021-04-06 13:04:56,2022-07-30 17:00:15,3,block,https://www.otodom.pl/pl/oferta/mieszkanie-w-inwestycji-nowa-jantarowa-b1m6-ID4aTzT.html
303,78,1980,lublin,floor_1,62899024,secondary,509000,6526,2022-03-21 11:12:07,2022-07-19 12:01:35,3,house,https://www.otodom.pl/pl/oferta/duze-3-pokojowe-mieszkanie-na-dziesiatej-ID4fUUo.html
304,33.7,2023,lublin,floor_3,63019860,primary,414173,12290,2022-04-26 09:06:25,2022-07-26 09:02:34,2,block,https://www.otodom.pl/pl/oferta/wygodne-mieszkanie-fieldorfa-3-m-22-ID4gqlm.html
305,45.09,2023,lublin,floor_1,63021079,primary,536571,11900,2022-04-26 12:56:51,2022-07-30 19:01:19,3,block,https://www.otodom.pl/pl/oferta/atrakcyjne-mieszkanie-fieldorfa-3-m-02-ID4gqF1.html
306,36.35,2023,lublin,floor_3,63019778,primary,446741,12290,2022-04-26 08:22:54,2022-07-26 09:02:35,2,block,https://www.otodom.pl/pl/oferta/nowe-mieszkanie-fieldorfa-3-m-24-ID4gqk2.html
307,53.72,2023,lublin,floor_1,63021083,primary,639268,11900,2022-04-26 12:58:04,2022-07-28 09:00:38,3,block,https://www.otodom.pl/pl/oferta/nowe-mieszkanie-w-inwestycji-fieldorfa-3-m-01-ID4gqF5.html
308,33.31,2023,lublin,floor_1,63021049,primary,396389,11900,2022-04-26 12:52:11,2022-07-29 09:00:21,2,block,https://www.otodom.pl/pl/oferta/mieszkanie-w-inwestycji-fieldorfa-3-m-06-ID4gqEx.html
309,,,,,,,,,,,,,
310,45.19,2000,lublin,floor_1,63336730,secondary,499000,11042,2022-07-25 19:03:19,2022-07-27 19:07:29,2,block,https://www.otodom.pl/pl/oferta/2-pokojowe-mieszkanie-w-centrum-lublina-ID4hKMa.html
311,116,1998,lublin,floor_3,63336494,secondary,812000,7000,2022-07-25 17:53:16,2022-07-25 18:15:00,6,block,https://www.otodom.pl/pl/oferta/bezposrednio-na-sprzedaz-6-pokoi-116m2-czuby-ID4hKIm.html
312,,,,,,,,,,,,,
313,53.53,2022,lublin,floor_1,63175651,primary,440000,8220,2022-06-08 12:41:29,2022-07-25 16:15:36,3,block,https://www.otodom.pl/pl/oferta/trzypokojowe-mieszkanie-w-nowym-bloku-ID4h4S7.html
314,36,1982,lublin,floor_5,63335548,secondary,360000,10000,2022-07-25 15:03:28,2022-07-28 16:14:17,2,block,https://www.otodom.pl/pl/oferta/2-pokoje-36m2-czuby-ID4hKt6.html
315,53.33,2023,lublin,floor_3,62697289,primary,431973,8100,2022-01-25 13:05:31,2022-07-29 19:02:20,3,block,https://www.otodom.pl/pl/oferta/nowe-mieszkanie-na-osiedlu-daliowa-ID4f4qB.html
316,44.24,2023,lublin,ground_floor,62697393,primary,358344,8100,2022-01-25 13:16:13,2022-07-30 09:00:13,3,block,https://www.otodom.pl/pl/oferta/komfortowe-mieszkanie-osiedle-daliowa-3p-k-ID4f4sh.html
317,53.33,2023,lublin,floor_3,62697309,primary,426640,8000,2022-01-25 13:09:09,2022-07-28 09:00:34,3,block,https://www.otodom.pl/pl/oferta/nowe-mieszkanie-na-osiedlu-daliowa-ID4f4qW.html
318,,,,,,,,,,,,,
319,42.83,2023,lublin,floor_3,62697373,primary,355489,8300,2022-01-25 13:13:33,2022-07-29 09:00:18,2,block,https://www.otodom.pl/pl/oferta/nowe-mieszkanie-na-osiedlu-daliowa-ID4f4rX.html
320,,,,,,,,,,,,,
321,49,1986,lublin,floor_2,63199325,secondary,374000,7633,2022-06-15 11:15:24,2022-07-25 19:55:31,4,block,https://www.otodom.pl/pl/oferta/3-4-pokoje-czechow-ID4hb1X.html
322,34.09,1986,lublin,floor_1,63267973,secondary,280000,8214,2022-07-05 18:11:13,2022-07-26 16:23:46,1,block,https://www.otodom.pl/pl/oferta/1-2-pokoje-szwolezerow-czuby-duzy-balkon-ID4hsTb.html
323,,,,,,,,,,,,,
324,42.83,2023,lublin,floor_3,62697302,primary,359772,8400,2022-01-25 13:06:51,2022-07-30 19:01:15,2,block,https://www.otodom.pl/pl/oferta/nowe-mieszkanie-na-osiedlu-daliowa-ID4f4qO.html
325,,,,,,,,,,,,,
326,63.99,2004,lublin,floor_2,63279411,secondary,489000,7642,2022-07-08 13:03:15,2022-07-25 15:06:04,3,block,https://www.otodom.pl/pl/oferta/ametystowa-do-wejscia-3-pokoje-64m2-ID4hwRF.html
327,,,,,,,,,,,,,
328,,,,,,,,,,,,,
329,59.9,2016,lublin,floor_1,63334736,secondary,595000,9933,2022-07-25 12:56:53,2022-07-25 14:30:29,3,block,https://www.otodom.pl/pl/oferta/pieknie-urzadzone-gotowe-do-wejscia-w-nowym-bloku-ID4hKg0.html
330,38.72,1975,lublin,ground_floor,63204428,secondary,298000,7696,2022-06-17 12:56:34,2022-07-25 14:38:31,2,block,https://www.otodom.pl/pl/oferta/dwa-osobne-pokoje-rozklad-parter-ID4hcmg.html
331,,,,,,,,,,,,,
332,,,,,,,,,,,,,
333,48,1978,lublin,floor_9,62812621,secondary,299000,6229,2022-02-24 13:53:53,2022-07-25 14:10:15,3,block,https://www.otodom.pl/pl/oferta/okazja-3-pokoje-blekitna-ID4fyqN.html
334,60.49,2008,lublin,ground_floor,62828421,secondary,554500,9167,2022-03-01 14:02:05,2022-07-29 15:15:22,2,block,https://www.otodom.pl/pl/oferta/mieszkanie-2-pokojowe-61-m-2-bazylianowka-ID4fCxD.html
335,35.29,2022,lublin,floor_1,63335183,secondary,343190,9725,2022-07-25 14:05:40,2022-07-26 10:36:44,2,block,https://www.otodom.pl/pl/oferta/nowe-mieszkanie-koralowa-czuby-2022-rok-budowy-ID4hKnd.html
336,35.29,2022,lublin,floor_3,63335182,secondary,388190,11000,2022-07-25 14:05:36,2022-07-26 10:36:41,2,block,https://www.otodom.pl/pl/oferta/nowe-mieszkanie-koralowa-czuby-2022-rok-budowy-ID4hKnc.html
337,38.48,2022,lublin,floor_3,63335181,secondary,378280,9831,2022-07-25 14:05:35,2022-07-26 10:36:34,2,block,https://www.otodom.pl/pl/oferta/nowe-mieszkanie-koralowa-czuby-2022-rok-budowy-ID4hKnb.html
338,38.48,2022,lublin,floor_1,63335059,secondary,423280,11000,2022-07-25 13:41:25,2022-07-26 11:05:38,2,block,https://www.otodom.pl/pl/oferta/nowe-mieszkanie-koralowa-czuby-2022-rok-budowy-ID4hKld.html
339,66.49,2004,lublin,ground_floor,63128987,secondary,729000,10964,2022-05-26 13:41:47,2022-07-26 13:43:06,3,house,https://www.otodom.pl/pl/oferta/unikatowe-mieszkanie-z-ogrodem-czechow-3-pokoje-ID4gSJt.html
340,51.5,1960,lublin,ground_floor,63335134,secondary,319000,6194,2022-07-25 13:57:54,2022-07-29 14:38:42,2,block,https://www.otodom.pl/pl/oferta/gotowe-do-wprowadzenia-od-zaraz-bezposrednio-ID4hKmq.html
341,30.33,1960,lublin,floor_1,62810465,secondary,255000,8408,2022-02-23 22:15:18,2022-07-25 14:10:14,2,tenement,https://www.otodom.pl/pl/oferta/2-pokoje-po-remoncie-blisko-centrum-dziesiata-ID4fxS1.html
342,,,,,,,,,,,,,
343,41.14,2022,lublin,floor_1,62249692,primary,368000,8945,2021-09-06 16:43:15,2022-07-29 16:57:15,2,block,https://www.otodom.pl/pl/oferta/stan-deweloperski-dostepne-07-2022-do-negocjacji-ID4dbZi.html
344,,,,,,,,,,,,,
345,,,,,,,,,,,,,
346,85,2011,lublin,floor_3,62843466,secondary,690000,8118,2022-03-04 17:52:13,2022-07-25 12:06:40,3,block,https://www.otodom.pl/pl/oferta/mieszkanie-2-poziomowe-bazylianowka-ID4fGsi.html
347,60.17,2017,lublin,floor_3,63321495,secondary,579000,9623,2022-07-20 13:31:21,2022-07-25 12:03:52,3,block,https://www.otodom.pl/pl/oferta/mieszkanie-3-pok-botanik-ID4hGOr.html
348,45.01,2023,lublin,ground_floor,62708726,primary,396088,8800,2022-01-28 10:51:25,2022-07-27 12:15:22,2,block,https://www.otodom.pl/pl/oferta/2-pokojowe-mieszkanie-weglinek-ID4f7p4.html
349,,,,,,,,,,,,,
350,,,,,,,,,,,,,
351,,,,,,,,,,,,,
352,,,,,,,,,,,,,
353,99.8,2001,lublin,floor_2,62985394,secondary,799000,8006,2022-04-14 10:22:33,2022-07-25 11:57:17,3,block,https://www.otodom.pl/pl/oferta/mieszkanie-99-80-m-lublin-ID4ghns.html
354,50.92,2023,lublin,floor_2,62685781,primary,358986,7050,2022-01-21 14:02:27,2022-07-25 12:04:36,3,block,https://www.otodom.pl/pl/oferta/nowe-mieszkania-okolice-abramowickiej-ID4f1qZ.html
355,49.1,2004,lublin,floor_2,63331106,secondary,470000,9572,2022-07-23 11:15:06,2022-07-29 20:02:39,2,block,https://www.otodom.pl/pl/oferta/49m2-2-pokoje-na-wieniawie-ID4hJjs.html
356,48.3,2000,lublin,ground_floor,62863737,secondary,480000,9938,2022-03-10 17:32:41,2022-07-25 11:53:09,2,block,https://www.otodom.pl/pl/oferta/2-pokoje-z-ogrodkiem-wieniawa-ID4fLJf.html
357,,,,,,,,,,,,,
358,,,,,,,,,,,,,
359,61.8,1973,lublin,floor_1,63170353,secondary,485000,7848,2022-06-07 11:51:26,2022-07-29 20:02:22,4,block,https://www.otodom.pl/pl/oferta/4-pokojowe-mieszkanie-ul-p-wolodyjowskiego-lsm-ID4h3uF.html
360,,,,,,,,,,,,,
361,,,,,,,,,,,,,
362,48.2,1978,lublin,floor_1,62768559,secondary,459000,9523,2022-02-14 12:12:08,2022-07-25 16:12:32,3,block,https://www.otodom.pl/pl/oferta/mieszkanie-3-pok-na-kalinowszczyznie-ID4fmY7.html
363,42.82,2023,lublin,ground_floor,63052875,primary,351124,8200,2022-05-06 14:01:39,2022-07-25 11:57:01,2,block,https://www.otodom.pl/pl/oferta/2-pokojowe-mieszkanie-na-ponikwodzie-ID4gyWR.html
364,,,,,,,,,,,,,
365,57.79,2022,lublin,ground_floor,63166759,primary,491215,8500,2022-06-06 14:00:52,2022-07-25 11:19:51,3,block,https://www.otodom.pl/pl/oferta/mieszkanie-3pok-z-ogrodkiem-147m2-ID4h2yH.html
366,,,,,,,,,,,,,
367,50.77,2023,lublin,ground_floor,62784080,primary,357928,7050,2022-02-17 15:12:12,2022-07-25 11:20:51,3,block,https://www.otodom.pl/pl/oferta/mieszkanie-3-pok-sloneczne-z-pieknym-widokiem-ID4fr0s.html
368,61.1,1980,lublin,floor_4,63214344,secondary,475000,7774,2022-06-20 18:45:10,2022-07-28 11:35:31,3,block,https://www.otodom.pl/pl/oferta/3-pokoje-blisko-ul-filaretow-zana-ID4heVc.html
369,,,,,,,,,,,,,
370,,,,,,,,,,,,,
371,60.72,2022,lublin,floor_1,63189675,primary,546480,9000,2022-06-11 23:43:14,2022-07-29 23:50:39,3,block,https://www.otodom.pl/pl/oferta/mieszkanie-na-sprzedaz-lublin-czechow-60-72m2-ID4h8vj.html
372,59,1993,lublin,floor_1,63082733,secondary,502000,8508,2022-05-14 13:02:04,2022-07-28 13:02:42,3,block,https://www.otodom.pl/pl/oferta/mieszkanie-lublin-watykanska-1-pietro-3-pokoje-ID4gGHr.html
373,,,,,,,,,,,,,
374,44.4,1980,lublin,floor_8,63060227,secondary,339000,7635,2022-05-09 13:10:43,2022-07-11 15:50:55,2,block,https://www.otodom.pl/pl/oferta/sloneczne-mieszkanie-z-pieknym-widokiem-czechow-ID4gAQr.html
375,59.78,2022,lublin,floor_3,63093944,primary,454328,7600,2022-05-17 18:05:36,2022-07-26 16:29:54,3,block,https://www.otodom.pl/pl/oferta/3-pokoje-brak-pcc-stan-deweloperski-klucze-ID4gJCg.html
376,51.54,2008,lublin,ground_floor,62925712,secondary,489000,9488,2022-03-28 15:50:40,2022-07-26 20:09:03,2,block,https://www.otodom.pl/pl/oferta/przestronne-mieszkanie-ul-dozynkowa-ID4g1QQ.html
377,47.46,2001,lublin,floor_3,62946417,secondary,340000,7164,2022-04-03 10:01:28,2022-07-05 15:56:39,3,block,https://www.otodom.pl/pl/oferta/mieszkanie-3-pokoje-poddasze-47m2-pilna-sprzedaz-ID4g7eN.html
378,64.4,2018,lublin,floor_2,62859557,secondary,577000,8960,2022-03-09 18:01:09,2022-07-07 19:15:34,3,block,https://www.otodom.pl/pl/oferta/komfortowe-3-pokoje-weglinek-2-miejsca-postojowe-ID4fKDP.html
379,52.4,1960,lublin,floor_1,62987960,secondary,335000,6393,2022-04-14 18:11:57,2022-07-30 11:55:41,2,tenement,https://www.otodom.pl/pl/oferta/dwu-pokojowe-mieszkanie-52mk2-ogrodek-ID4gi2Q.html
380,57.9,1973,lublin,ground_floor,62528897,secondary,415000,7168,2021-11-26 13:02:24,2022-07-25 12:55:56,4,block,https://www.otodom.pl/pl/oferta/kalinowszczyzna-58m2-niski-blok-4-pokoje-ID4emCB.html
381,43.96,1889,lublin,floor_4,63060782,secondary,459000,10441,2022-05-09 14:14:25,2022-07-21 12:09:14,2,tenement,https://www.otodom.pl/pl/oferta/centrum-wieniawska-2-pokoje-ID4gAZo.html
382,54.5,1965,lublin,floor_2,63073867,secondary,489000,8972,2022-05-12 11:03:39,2022-07-28 16:14:12,3,block,https://www.otodom.pl/pl/oferta/piekne-trzypokojowe-mieszkanie-na-lsm-ie-ID4gEor.html
383,49,1965,lublin,floor_3,62271381,secondary,365000,7449,2021-09-13 09:00:52,2022-07-10 11:30:14,2,block,https://www.otodom.pl/pl/oferta/2-pokojowe-mieszkanie-do-remontu-lsm-ID4dhD7.html
384,80.69,2010,lublin,floor_2,62281443,secondary,649000,8043,2021-09-15 11:42:12,2022-07-31 01:30:15,3,block,https://www.otodom.pl/pl/oferta/81m2czubydo-wejscia2-pietroteren-ogrodzony-ID4dkfp.html
385,,,,,,,,,,,,,
386,47.9,1991,lublin,floor_1,61592042,secondary,395000,8246,2021-03-07 11:28:08,2022-07-28 08:38:48,2,block,https://www.otodom.pl/pl/oferta/mieszkanie-ID4aqU2.html
387,14.5,1935,lublin,floor_1,62701358,secondary,199000,13724,2022-01-26 12:00:49,2022-07-26 12:42:03,1,tenement,https://www.otodom.pl/pl/oferta/kawalerka-pod-klucz-dla-singla-ID4f5ue.html
388,53.97,2022,lublin,floor_5,62591550,primary,437157,8100,2021-12-17 13:13:07,2022-07-25 19:54:28,3,block,https://www.otodom.pl/pl/oferta/3-pok-bez-pcc-klucze-mp-ID4eCW8.html
389,48.2,1980,lublin,floor_3,62754266,secondary,469000,9730,2022-02-09 20:34:20,2022-07-11 11:39:22,3,block,https://www.otodom.pl/pl/oferta/komfortowe3-pokojerozkladniski-blokpo-remoncie-ID4fjfA.html
390,55,2011,lublin,ground_floor,62822449,secondary,499000,9073,2022-02-28 11:34:41,2022-07-28 12:45:42,3,block,https://www.otodom.pl/pl/oferta/czuby-3-pokoje-ogrod-30m2-ID4fAZj.html
391,,,,,,,,,,,,,
392,57.82,1975,lublin,floor_4,62927720,secondary,500000,8648,2022-03-29 09:55:38,2022-07-29 13:55:28,4,block,https://www.otodom.pl/pl/oferta/4-pokoje-rustykalne-indywidualne-do-wejscia-ID4g2ne.html
393,,,,,,,,,,,,,
394,,,,,,,,,,,,,
395,,,,,,,,,,,,,
396,71.58,2008,lublin,ground_floor,63332856,secondary,619900,8660,2022-07-24 20:57:38,2022-07-26 10:13:07,3,block,https://www.otodom.pl/pl/oferta/przestronne-3-pokoje-w-bardzo-dobrej-lokalizacji-ID4hJLG.html
397,57.33,1964,lublin,floor_1,63280277,secondary,375000,6541,2022-07-08 14:56:18,2022-07-24 19:50:19,3,block,https://www.otodom.pl/pl/oferta/3-pokoje-do-wejscia-inwestycyjnie-ID4hv5D.html
398,,,,,,,,,,,,,
399,51,1960,lublin,ground_floor,63332695,secondary,499999,9804,2022-07-24 18:52:33,2022-07-29 17:23:54,2,block,https://www.otodom.pl/pl/oferta/mieszkanie-2-pok-centrum-chmielna-do-wprowadzenia-ID4hJJ5.html
400,68.08,2022,lublin,floor_1,63283361,secondary,578680,8500,2022-07-09 18:25:31,2022-07-24 18:28:23,3,block,https://www.otodom.pl/pl/oferta/eko-park-w-stanie-deweloperskim-bez-posrednikow-ID4hvTn.html
401,58.31,2022,lublin,ground_floor,63181816,primary,440000,7546,2022-06-09 15:15:07,2022-07-25 18:54:42,3,block,https://www.otodom.pl/pl/oferta/mieszkanie-3p-ak-58m2-lublin-os-botanik-ID4h6ty.html
402,135.67,1995,lublin,floor_2,63285644,secondary,599000,4415,2022-07-10 21:39:14,2022-07-24 14:30:41,6,block,https://www.otodom.pl/pl/oferta/przestronne-dwupoziomowe-mieszkanie-z-garazem-ID4hxuc.html
403,71.1,2012,lublin,floor_3,63271814,secondary,680000,9564,2022-07-06 15:57:05,2022-07-24 14:32:38,3,block,https://www.otodom.pl/pl/oferta/wyjatkowe-mieszkanie-z-tarasem-i-antresola-ID4htT8.html
404,66,1998,lublin,floor_3,63284677,secondary,570000,8636,2022-07-10 14:29:03,2022-07-28 14:31:47,3,block,https://www.otodom.pl/pl/oferta/mieszkanie-3-pokoje-66m2-szczytowa-czuby-ID4hxeB.html
405,60.6,1984,lublin,ground_floor,63284437,secondary,497000,8201,2022-07-10 12:06:11,2022-07-28 12:14:22,4,block,https://www.otodom.pl/pl/oferta/mieszkanie-4-pokojowe-czuby-ID4hxaJ.html
406,61.1,1979,lublin,floor_4,63232287,secondary,499000,8167,2022-06-24 22:05:20,2022-07-25 09:08:12,3,block,https://www.otodom.pl/pl/oferta/czuby-ul-goscinna-3-pokoje-ID4hjBB.html
407,38,2021,lublin,ground_floor,63186022,secondary,320000,8421,2022-06-10 14:51:48,2022-07-29 13:52:22,2,block,https://www.otodom.pl/pl/oferta/mieszkanie-z-tarasem-2-pokojowe-wrotkow-ID4h7zo.html
408,50.91,2020,lublin,ground_floor,63190508,secondary,580000,11393,2022-06-12 19:33:49,2022-07-30 19:36:32,3,block,https://www.otodom.pl/pl/oferta/mieszkanie-51m2-3-pokoje-ogrod-100m2-wrotkow-ID4h8JK.html
409,,,,,,,,,,,,,
410,60,2008,lublin,floor_3,63131621,secondary,459000,7650,2022-05-27 10:55:10,2022-07-28 13:23:25,3,block,https://www.otodom.pl/pl/oferta/do-wejscia-3-pokoje-blok-2008r-okazja-ID4gTpX.html
411,62.8,1988,lublin,floor_4,63080948,secondary,480000,7643,2022-05-13 17:03:14,2022-07-18 20:23:16,3,block,https://www.otodom.pl/pl/oferta/trzypokojowe-wieniawa-ul-pulawska-ID4gGeE.html
412,,,,,,,,,,,,,
413,52,1988,lublin,ground_floor,63133154,secondary,514800,9900,2022-05-27 14:30:07,2022-07-16 19:52:51,3,block,https://www.otodom.pl/pl/oferta/3-pokoje-52m2-parter-do-wejscia-ID4gTOG.html
414,38.21,1957,lublin,floor_4,63015785,secondary,399000,10442,2022-04-25 10:52:24,2022-07-24 11:30:38,2,block,https://www.otodom.pl/pl/oferta/atrakcyjna-lokalizacja-centrum-ID4gphD.html
415,23.84,1950,lublin,ground_floor,62891123,secondary,230000,9648,2022-03-18 10:30:59,2022-07-29 15:22:10,1,tenement,https://www.otodom.pl/pl/oferta/udzialy-w-kamienicy-super-na-booking-ID4fSQX.html
416,70.94,2022,lublin,floor_2,62931060,primary,610000,8599,2022-03-29 17:50:44,2022-07-30 16:41:21,3,apartment,https://www.otodom.pl/pl/oferta/apartament-70-92-m2-orkana-residence-ID4g3f6.html
417,57.53,2015,lublin,floor_4,62575539,secondary,575000,9995,2021-12-12 16:02:06,2022-07-28 09:41:23,3,block,https://www.otodom.pl/pl/oferta/mieszkanie-3-pokoje-ul-koralowa-z-klimatyzacja-ID4eyKT.html
418,,,,,,,,,,,,,
419,27,1967,lublin,floor_2,63131776,secondary,235000,8704,2022-05-27 11:24:19,2022-07-28 13:28:07,1,block,https://www.otodom.pl/pl/oferta/kawalerka-z-balkonem-okazja-ID4gTss.html
420,43.41,2022,lublin,ground_floor,62646533,primary,360303,8300,2022-01-11 08:53:00,2022-07-18 19:01:14,2,block,https://www.otodom.pl/pl/oferta/nowe-mieszkanie-osiedle-koralowe-k9-61-ID4eRdX.html
421,49.56,2001,lublin,floor_1,63032050,secondary,415000,8374,2022-04-29 07:55:05,2022-07-29 13:55:33,2,block,https://www.otodom.pl/pl/oferta/2-pokoje-1-pietro-duzy-balkon-poreba-ID4gtwY.html
422,,,,,,,,,,,,,
423,,,,,,,,,,,,,
424,,,,,,,,,,,,,
425,167,1997,lublin,floor_3,63300435,secondary,829000,4964,2022-07-14 11:45:28,2022-07-23 21:09:34,7,house,https://www.otodom.pl/pl/oferta/dwupoziomowe-mieszkanie-na-slawinku-167m2-7-poko-ID4hBkL.html
426,63,1980,lublin,floor_4,62945528,secondary,447000,7095,2022-04-02 18:45:34,2022-07-23 20:56:59,3,block,https://www.otodom.pl/pl/oferta/nowa-nizsza-cena-czuby-63m2-lublin-ID4g70s.html
427,28,2021,lublin,ground_floor,63331788,secondary,334700,11954,2022-07-23 20:30:44,2022-07-28 16:37:31,1,apartment,https://www.otodom.pl/pl/oferta/przestronna-kawalerka-z-ogrodkiem-i-klimatyzacja-ID4hJus.html
428,56,2006,lublin,ground_floor,63283278,secondary,500000,8929,2022-07-09 17:42:09,2022-07-27 17:44:12,2,block,https://www.otodom.pl/pl/oferta/mieszkanie-56-m-lublin-ul-fulmana-ID4hvS2.html
429,44.2,1974,lublin,floor_4,63331165,secondary,435000,9842,2022-07-23 11:55:25,2022-07-23 17:33:39,3,block,https://www.otodom.pl/pl/oferta/lsm-3-pokoje-super-komfort-rozklad-ID4hJkp.html
430,48.2,1974,lublin,floor_3,63331431,secondary,399000,8278,2022-07-23 14:55:11,2022-07-23 17:34:39,3,block,https://www.otodom.pl/pl/oferta/3-pokoje-niski-blok-do-wejscia-dwustronne-ID4hJoH.html
431,51,1980,lublin,floor_2,63281260,secondary,448000,8784,2022-07-08 17:27:02,2022-07-23 17:28:35,3,block,https://www.otodom.pl/pl/oferta/mieszkanie-3-pokojowe-na-osiedlu-nalkowskich-ID4hvlu.html
432,51.14,1954,lublin,floor_2,63226773,secondary,550000,10755,2022-06-23 15:03:40,2022-07-25 16:15:36,2,tenement,https://www.otodom.pl/pl/oferta/2-pokoje-kul-za-oknem-blizej-sie-nie-da-ID4hiaF.html
433,49,1985,lublin,floor_3,63278711,secondary,340000,6939,2022-07-08 11:13:09,2022-07-23 14:16:57,2,block,https://www.otodom.pl/pl/oferta/2-3-pokoje-czuby-duzy-balkon-duzo-zieleni-ID4hwGn.html
434,65.41,2010,lublin,ground_floor,63330870,secondary,655000,10014,2022-07-23 02:19:12,2022-07-30 09:57:16,3,apartment,https://www.otodom.pl/pl/oferta/65-m2-w-atrakcyjnej-lokalizacji-os-botanik-ID4hJfE.html
435,,,,,,,,,,,,,
436,49.3,2022,lublin,floor_4,63278351,secondary,530000,10751,2022-07-08 09:50:10,2022-07-23 09:51:11,3,block,https://www.otodom.pl/pl/oferta/mieszkanie-lublin-ul-wolinskiego-2022-ID4hwAz.html
437,,,,,,,,,,,,,
438,40.08,2024,lublin,floor_2,62759422,primary,316632,7900,2022-02-11 09:09:41,2022-07-28 19:01:05,2,block,https://www.otodom.pl/pl/oferta/diamentowe-tarasy-wyjatkowe-mieszkanie-c-m49-ID4fkAK.html
439,39.76,2024,lublin,floor_2,62759421,primary,314104,7900,2022-02-11 09:09:25,2022-07-27 19:01:14,2,block,https://www.otodom.pl/pl/oferta/diamentowe-tarasy-atrakcyjne-mieszkanie-c-m48-ID4fkAJ.html
440,67.33,1964,lublin,ground_floor,62833744,secondary,484000,7188,2022-03-02 16:10:08,2022-07-30 17:16:16,3,block,https://www.otodom.pl/pl/oferta/duze-mieszkanie-w-centrum-potencjal-na-dwupak-ID4fDWu.html
441,82,1997,lublin,floor_3,62642227,secondary,535000,6524,2022-01-10 08:55:12,2022-07-09 10:15:11,4,block,https://www.otodom.pl/pl/oferta/przestronne-4-pokoje-czuby-zamkniete-osiedle-ID4eQ6w.html
442,47.8,1993,lublin,floor_1,62871427,secondary,369000,7720,2022-03-13 13:54:57,2022-07-17 18:25:27,2,block,https://www.otodom.pl/pl/oferta/czuby-os-blonie2-3-pokoje1-pietro-ID4fNJh.html
443,,,,,,,,,,,,,
444,63.65,1993,lublin,floor_4,62621750,secondary,475000,7463,2022-01-02 18:44:11,2022-07-30 09:08:03,3,block,https://www.otodom.pl/pl/oferta/mieszkanie-trzypokojowe-lublin-wrotkow-medalionow-ID4eKMe.html
445,60.2,1985,lublin,floor_3,62837480,secondary,437000,7259,2022-03-03 13:27:28,2022-07-22 15:34:43,4,block,https://www.otodom.pl/pl/oferta/4-pok-w-rozkladzie-bez-piecyka-po-remoncie-ID4fETK.html
446,53.6,2014,lublin,floor_2,62666322,secondary,520000,9701,2022-01-16 18:15:20,2022-07-29 13:07:44,3,block,https://www.otodom.pl/pl/oferta/pilnie-przytulne-54-m-na-koralowej-bezposrednio-ID4eVn8.html
447,51.73,2021,lublin,floor_4,63330762,secondary,610414,11800,2022-07-22 23:55:26,2022-07-29 11:17:14,2,apartment,https://www.otodom.pl/pl/oferta/apartamentowiec-wysoki-standard-rozklad-ID4hJdU.html
448,,,,,,,,,,,,,
449,41,1970,lublin,floor_10,63130275,secondary,379000,9244,2022-05-26 17:31:45,2022-07-25 18:01:26,2,block,https://www.otodom.pl/pl/oferta/rozkladowe-mieszkanie-lsm-do-wejscia-ID4gT4f.html
450,40.69,2024,lublin,floor_2,62759423,primary,321451,7900,2022-02-11 09:09:54,2022-07-29 19:01:41,2,block,https://www.otodom.pl/pl/oferta/diamentowe-tarasy-urocze-mieszkanie-c-m50-ID4fkAL.html
451,,,,,,,,,,,,,
452,70.95,2020,lublin,floor_3,63330722,secondary,650000,9161,2022-07-22 22:55:13,2022-07-22 23:01:19,3,block,https://www.otodom.pl/pl/oferta/nowe-4-pokojowe-z-2-balkonami-do-wejscia-ID4hJdg.html
453,62,1976,lublin,floor_10,63326114,secondary,435000,7016,2022-07-21 16:03:43,2022-07-22 20:03:02,4,block,https://www.otodom.pl/pl/oferta/4-oddzielne-pokoje-lsm-blisko-uczelnie-ID4hI0V.html
454,33,2005,lublin,floor_3,63329667,secondary,299000,9061,2022-07-22 16:05:35,2022-07-26 10:36:05,1,block,https://www.otodom.pl/pl/oferta/czuby-kawalerka-z-mozliwoscia-2-pokoi-blok-2005-ID4hIVf.html
455,37,1976,lublin,floor_9,63325993,secondary,348000,9405,2022-07-21 15:44:42,2022-07-26 17:05:10,2,block,https://www.otodom.pl/pl/oferta/2-pokoje-z-balkonem-blisko-centrum-ID4hHYZ.html
456,77.05,2022,lublin,ground_floor,62804932,primary,589432,7650,2022-02-22 17:40:51,2022-07-30 19:00:44,4,apartment,https://www.otodom.pl/pl/oferta/nowy-apartament-z-tarasem-ogrodem-i-garazami-ID4fvqM.html
457,50,2001,lublin,floor_1,63279157,secondary,389000,7780,2022-07-08 12:30:54,2022-07-30 13:55:19,2,block,https://www.otodom.pl/pl/oferta/sloneczne-przestronne-2-pokoje-ul-szafirowa-ID4hwNz.html
458,56,2013,lublin,floor_1,63271147,secondary,575000,10268,2022-07-06 14:21:40,2022-07-30 13:55:21,3,block,https://www.otodom.pl/pl/oferta/trzy-pokoje-niedaleko-starego-gaju-weglinek-ID4htIn.html
459,67,2010,lublin,floor_1,63272133,secondary,569000,8493,2022-07-06 16:42:19,2022-07-30 16:02:57,3,block,https://www.otodom.pl/pl/oferta/trzy-pokoje-w-malowniczej-okolicy-weglinek-ID4htYh.html
460,,,,,,,,,,,,,
461,27.46,2022,lublin,floor_5,63276642,secondary,346000,12600,2022-07-07 16:26:25,2022-07-22 19:27:39,1,block,https://www.otodom.pl/pl/oferta/piekna-kawalerka-duzy-balkon-kwarcowa-weglinek-ID4hw90.html
462,43.12,2022,lublin,ground_floor,63329721,primary,409640,9500,2022-07-22 16:14:32,2022-07-22 16:16:49,2,apartment,https://www.otodom.pl/pl/oferta/mieszkanie-43-12-m-lublin-ID4hIX7.html
463,67.33,2022,lublin,floor_1,63329686,primary,605970,9000,2022-07-22 16:10:05,2022-07-22 16:11:54,4,apartment,https://www.otodom.pl/pl/oferta/apartament-do-sprzedania-ID4hIVy.html
464,,,,,,,,,,,,,
465,,,,,,,,,,,,,
466,,,,,,,,,,,,,
467,,,,,,,,,,,,,
468,47.2,1978,lublin,floor_6,63312773,secondary,330000,6992,2022-07-18 13:11:28,2022-07-28 18:14:45,2,block,https://www.otodom.pl/pl/oferta/kalinowszczyzna-47mkw-winda-ID4hExL.html
469,,,,,,,,,,,,,
470,61.03,2022,lublin,floor_1,63326467,primary,396695,6500,2022-07-21 17:21:33,2022-07-23 15:11:53,4,apartment,https://www.otodom.pl/pl/oferta/bez-wkladu-wlasnego-tylko-u-nas-okazja-ID4hI6D.html
471,84.42,1976,lublin,floor_4,63324643,secondary,689000,8162,2022-07-21 12:10:41,2022-07-27 17:03:45,3,block,https://www.otodom.pl/pl/oferta/komfortowe-mieszkanie-w-centrum-ul-lipowa-ID4hHDd.html
472,53.06,2022,lublin,floor_3,63325503,primary,344890,6500,2022-07-21 14:21:32,2022-07-23 15:12:18,3,apartment,https://www.otodom.pl/pl/oferta/bez-wkladu-wlasnego-tylko-u-nas-okazja-ID4hHR5.html
473,55.12,2022,lublin,floor_2,63325499,primary,358280,6500,2022-07-21 14:21:19,2022-07-23 15:13:31,3,apartment,https://www.otodom.pl/pl/oferta/tylko-unas-kupisz-mieszkanie-bez-wkladu-wlasnego-ID4hHR1.html
474,24.91,1988,lublin,ground_floor,63222281,secondary,240000,9635,2022-06-22 14:25:57,2022-07-28 16:14:17,1,block,https://www.otodom.pl/pl/oferta/kawalerka-okrzei-do-wejscia-ID4hh0d.html
475,,,,,,,,,,,,,
476,,,,,,,,,,,,,
477,,,,,,,,,,,,,
478,,,,,,,,,,,,,
479,,,,,,,,,,,,,
480,,,,,,,,,,,,,
481,,,,,,,,,,,,,
482,63.29,2015,lublin,floor_2,63240199,secondary,630000,9954,2022-06-28 09:21:38,2022-07-29 15:42:01,4,block,https://www.otodom.pl/pl/oferta/4-pokojowe-mieszkanie-w-wysokim-standardzie-ID4hlFd.html
483,69.5,2015,lublin,floor_3,63199135,secondary,599000,8619,2022-06-15 10:27:22,2022-07-22 13:11:15,3,block,https://www.otodom.pl/pl/oferta/przestronne-mieszkanienowe-budownictwoczuby-ID4haYT.html
484,,,,,,,,,,,,,
485,90.7,2023,lublin,floor_6,63172433,primary,1405850,15500,2022-06-07 16:12:51,2022-07-29 11:13:41,4,apartment,https://www.otodom.pl/pl/oferta/apartament-w-centrum-lublina-ID4h42d.html
486,72.19,1977,lublin,floor_2,63160515,secondary,675000,9350,2022-06-03 18:47:07,2022-07-22 14:33:11,4,block,https://www.otodom.pl/pl/oferta/mieszkanie-centrum-blisko-miasteczko-akademickie-ID4h0WZ.html
487,,,,,,,,,,,,,
488,,,,,,,,,,,,,
489,,,,,,,,,,,,,
490,,,,,,,,,,,,,
491,76.2,2023,lublin,floor_7,63167371,primary,1203960,15800,2022-06-06 15:12:42,2022-07-29 11:13:39,3,apartment,https://www.otodom.pl/pl/oferta/apartament-w-centrum-lublina-ID4h2Iz.html
492,,,,,,,,,,,,,
493,142.1,2023,lublin,floor_7,63167370,primary,2259390,15900,2022-06-06 15:12:36,2022-07-29 11:13:38,4,apartment,https://www.otodom.pl/pl/oferta/apartament-w-centrum-lublina-ID4h2Iy.html
494,,,,,,,,,,,,,
495,47.4,2022,lublin,ground_floor,61687476,primary,383940,8100,2021-03-31 13:51:05,2022-07-24 17:45:08,3,block,https://www.otodom.pl/pl/oferta/nowe-3-pokoje-ak-47m2-czuby-2022r-ID4aPJi.html
496,31.93,2023,lublin,floor_1,62687237,primary,271405,8500,2022-01-21 18:41:18,2022-07-22 11:23:27,1,block,https://www.otodom.pl/pl/oferta/nowa-kawalerka-31m2-czuby-styczen-2023r-ID4f1Ot.html
497,48.9,1984,lublin,floor_2,63327974,secondary,410000,8384,2022-07-22 11:11:20,2022-07-29 15:42:08,2,block,https://www.otodom.pl/pl/oferta/czuby-tatarakowa-49m2-2-pokoje-ii-pietro-ID4hIuV.html
498,64,2021,lublin,floor_2,63327953,secondary,529000,8266,2022-07-22 11:10:01,2022-07-30 10:00:56,3,block,https://www.otodom.pl/pl/oferta/piekne-sloneczne-mieszkanie-obok-eko-park-kwarcowa-ID4hIuB.html
499,60.8,1978,lublin,floor_2,62533257,secondary,510000,8388,2021-11-28 12:19:08,2022-07-29 19:49:21,3,block,https://www.otodom.pl/pl/oferta/mieszkanie-po-generalnym-remoncie-ID4enKW.html
500,,,,,,,,,,,,,
501,,,,,,,,,,,,,
502,,,,,,,,,,,,,
503,36.98,1972,lublin,ground_floor,63170832,secondary,299000,8085,2022-06-07 12:53:25,2022-07-18 11:54:48,2,block,https://www.otodom.pl/pl/oferta/dwa-pokoje-parter-tatary-ID4h3Co.html
504,57.04,2023,lublin,ground_floor,63224033,primary,450616,7900,2022-06-22 20:29:15,2022-07-22 20:31:31,3,apartment,https://www.otodom.pl/pl/oferta/nowe-mieszkanie-3-pokoje-57m-weglinek-ID4hhst.html
505,,,,,,,,,,,,,
506,46.34,1895,lublin,floor_5,63125642,secondary,529000,11416,2022-05-25 17:11:01,2022-07-29 14:33:40,2,tenement,https://www.otodom.pl/pl/oferta/stylowe-mieszkanie-w-sercu-lbn-wieniawska-ID4gRRv.html
507,37.9,1978,lublin,ground_floor,63109209,secondary,319000,8417,2022-05-20 18:52:52,2022-07-25 14:43:30,2,block,https://www.otodom.pl/pl/oferta/2-pokoje-parter-rozklad-inwestycja-ID4gNAt.html
508,53.28,2013,lublin,ground_floor,63303465,secondary,530000,9947,2022-07-14 23:25:07,2022-07-25 18:55:30,2,block,https://www.otodom.pl/pl/oferta/komfortowyapartament-z-wyposazeniemgaraz-plus-2-ID4hC7D.html
509,34.6,1980,lublin,floor_10,63121567,secondary,349700,10107,2022-05-24 19:22:20,2022-07-16 20:02:41,2,block,https://www.otodom.pl/pl/oferta/2-pokoje-miasteczko-akademickie-usmiech-ID4gQNN.html
510,50.62,1988,lublin,floor_2,63045723,secondary,330000,6519,2022-05-04 16:10:45,2022-07-29 14:11:24,2,block,https://www.otodom.pl/pl/oferta/okazja-2-pokoje-w-uroczej-lokalizacji-do-remontu-ID4gx4w.html
511,27,2022,lublin,floor_5,63261336,secondary,345000,12778,2022-07-04 12:54:22,2022-07-22 10:06:43,1,block,https://www.otodom.pl/pl/oferta/nowe-1-pokojowe-piekny-design-ID4hra8.html
512,,,,,,,,,,,,,
513,66,2019,lublin,floor_7,63224136,secondary,726000,11000,2022-06-22 21:21:42,2022-07-22 21:28:55,3,block,https://www.otodom.pl/pl/oferta/lublin-czuby-jantarowa-ID4hhu8.html
514,62.02,2020,lublin,ground_floor,63173353,secondary,697000,11238,2022-06-07 19:00:32,2022-07-30 17:05:05,3,apartment,https://www.otodom.pl/pl/oferta/apartament-tuz-przy-zalewie-z-duzym-tarasem-ID4h4h3.html
515,93.8,2016,lublin,floor_1,63174600,secondary,889000,9478,2022-06-08 09:10:44,2022-07-26 20:38:38,4,block,https://www.otodom.pl/pl/oferta/mieszkanie-koncertowa-dolina-czechow-ID4h4Ba.html
516,65.05,2023,lublin,ground_floor,62895891,secondary,435835,6700,2022-03-19 16:12:22,2022-07-17 17:00:41,3,block,https://www.otodom.pl/pl/oferta/nowa-inwestycja-bronowice-65-05m2-bez-pcc-ID4fU5R.html
517,71.5,1989,lublin,floor_1,63146299,secondary,495000,6923,2022-05-31 14:31:59,2022-07-30 15:01:20,4,block,https://www.otodom.pl/pl/oferta/4-pokoje-na-czubach-zamieszkaj-lub-zainwestuj-ID4gXeH.html
518,69.6,1983,lublin,floor_3,63009093,secondary,495000,7112,2022-04-22 11:01:01,2022-07-29 15:22:12,4,block,https://www.otodom.pl/pl/oferta/przestronne-mieszkanie-dla-rodziny-pod-wynajem-ID4gnxH.html
519,47.2,1970,lublin,floor_4,63115878,secondary,387000,8199,2022-05-23 15:12:05,2022-07-22 15:47:05,3,block,https://www.otodom.pl/pl/oferta/sprzedaz-mieszkanie-3-pokoje-47-m2-lublin-bro-ID4gPk2.html
520,60.1,1990,lublin,ground_floor,63143928,secondary,510000,8486,2022-05-31 10:00:49,2022-07-30 10:30:27,3,block,https://www.otodom.pl/pl/oferta/mieszkanie-3-pok-na-czubach-z-loggia-zabudowana-ID4gVCs.html
521,72.87,1995,lublin,ground_floor,62677718,secondary,569000,7808,2022-01-19 14:04:36,2022-07-25 16:17:17,3,block,https://www.otodom.pl/pl/oferta/trzypokojowe-mieszkanie-na-czechowie-ID4eZkV.html
522,,,,,,,,,,,,,
523,46.94,2023,lublin,floor_1,62895890,primary,333274,7100,2022-03-19 16:12:20,2022-07-17 17:00:41,2,block,https://www.otodom.pl/pl/oferta/nowa-inwestycja-bronowice-46-94m2-bez-pcc-ID4fU5Q.html
524,60.1,1980,lublin,floor_5,63030386,secondary,460000,7654,2022-04-28 15:31:38,2022-07-27 16:16:05,3,block,https://www.otodom.pl/pl/oferta/3-pokoje-60m2-czechow-blisko-uczelnie-ID4gt58.html
525,48.2,1980,lublin,floor_3,62714773,secondary,459000,9523,2022-01-30 16:55:12,2022-07-29 18:16:19,3,block,https://www.otodom.pl/pl/oferta/3-pokoje-czechow-ID4f8YB.html
526,,,,,,,,,,,,,
527,60.17,2017,lublin,floor_3,63175010,secondary,579990,9639,2022-06-08 10:54:40,2022-07-29 13:04:32,3,block,https://www.otodom.pl/pl/oferta/3-sloneczne-i-rozkladowe-pokoje-winda-okazja-ID4h4HM.html
528,,,,,,,,,,,,,
529,118.5,2008,lublin,floor_1,61237891,secondary,970000,8186,2020-11-27 17:02:54,2022-07-18 19:11:58,5,ribbon,https://www.otodom.pl/pl/oferta/dwupoziomowe-z-ogrodkiem-ponikwoda-ID48VLW.html
530,69.36,2022,lublin,floor_4,61670411,primary,561816,8100,2021-03-26 12:10:57,2022-07-20 10:47:17,4,block,https://www.otodom.pl/pl/oferta/nowe-4-pokoje-ak-69m2-weglinek-2022r-ID4aLi3.html
531,,,,,,,,,,,,,
532,,,,,,,,,,,,,
533,,,,,,,,,,,,,
534,48.2,1977,lublin,floor_3,62754962,secondary,469000,9730,2022-02-10 08:35:37,2022-07-10 09:45:14,3,block,https://www.otodom.pl/pl/oferta/3-pokoje-48-2m2-czechow-wysoki-standard-ID4fjqO.html
535,36.7,1985,lublin,floor_2,62567645,secondary,259000,7057,2021-12-09 10:43:13,2022-07-29 12:04:25,2,block,https://www.otodom.pl/pl/oferta/grenadierow-36-7m2-2-pokoje-parking-ID4evHz.html
536,56,1960,lublin,floor_2,63177405,secondary,349000,6232,2022-06-08 16:21:32,2022-07-29 15:22:15,3,block,https://www.otodom.pl/pl/oferta/mieszkanie-56-m-lublin-ID4h5kp.html
537,34.6,2023,lublin,floor_1,62895889,primary,257770,7450,2022-03-19 16:12:18,2022-07-17 17:00:41,1,block,https://www.otodom.pl/pl/oferta/nowa-inwestycja-bronowice-34-6m2-bez-pcc-ID4fU5P.html
538,,,,,,,,,,,,,
539,,,,,,,,,,,,,
540,72.76,1910,lublin,floor_3,63120041,secondary,657000,9030,2022-05-24 14:21:39,2022-07-23 14:46:30,3,tenement,https://www.otodom.pl/pl/oferta/3-5-pokoi-73m2-duze-mozliwosci-srodmiescie-ID4gQpb.html
541,,,,,,,,,,,,,
542,49.56,2001,lublin,floor_1,63036229,secondary,415000,8374,2022-04-29 21:01:35,2022-07-28 21:45:27,2,block,https://www.otodom.pl/pl/oferta/sloneczne-2-pokoje-50m2-1-pietro-poreba-ID4guBn.html
543,49.4,1986,lublin,floor_3,63214769,secondary,434720,8800,2022-06-20 20:56:31,2022-07-28 15:21:42,3,block,https://www.otodom.pl/pl/oferta/mieszkanie-kalinowszczyzna-ul-niepodleglosci-ID4hf33.html
544,59,1998,lublin,floor_3,63272821,secondary,449500,7619,2022-07-06 19:50:32,2022-07-27 22:18:14,3,block,https://www.otodom.pl/pl/oferta/komfortowe-2-poziomy-osiedle-poreba-ID4hu9n.html
545,48,1997,lublin,floor_3,63326385,secondary,395000,8229,2022-07-21 16:55:55,2022-07-21 19:16:23,2,block,https://www.otodom.pl/pl/oferta/zadbane-ciche-i-cieple-mieszkanie-na-czubach-ID4hI5j.html
546,,,,,,,,,,,,,
547,71.37,1917,lublin,floor_1,63259959,secondary,700000,9808,2022-07-04 00:00:30,2022-07-30 19:25:06,2,tenement,https://www.otodom.pl/pl/oferta/2-pokoje-w-kamienicy-na-wieniawie-ID4hqNW.html
548,,,,,,,,,,,,,
549,,,,,,,,,,,,,
550,48.9,1986,lublin,floor_3,63326069,secondary,359900,7360,2022-07-21 15:55:33,2022-07-29 13:55:53,2,block,https://www.otodom.pl/pl/oferta/2-3-pokoje-dwustronne-duzy-balkon-niski-blok-ID4hI0d.html
551,46.13,2022,lublin,ground_floor,62804933,secondary,385900,8365,2022-02-22 17:40:52,2022-07-22 18:45:28,3,block,https://www.otodom.pl/pl/oferta/3-pokojowe-mieszkanie-mala-dziesiata-na-juz-ID4fvqN.html
552,62,2017,lublin,floor_5,63324627,secondary,580000,9355,2022-07-21 12:05:54,2022-07-21 15:53:16,3,block,https://www.otodom.pl/pl/oferta/bronowice-3-pokoje-duzy-balkon-ID4hHCX.html
553,40.19,2024,lublin,floor_2,62974424,primary,317500,7900,2022-04-11 13:31:24,2022-07-28 16:14:11,2,block,https://www.otodom.pl/pl/oferta/dwupokojowe-mieszkanie-przy-ul-jemioluszki-ID4gevv.html
554,,,,,,,,,,,,,
555,41.18,2021,lublin,floor_3,62711539,secondary,442000,10733,2022-01-28 20:45:22,2022-07-28 05:17:33,2,block,https://www.otodom.pl/pl/oferta/nowe-mieszkanie-2-pokoje-czuby-nowy-blok-ID4f88r.html
556,48.29,2011,lublin,floor_3,63325730,secondary,419000,8677,2022-07-21 14:54:24,2022-07-29 13:00:50,2,block,https://www.otodom.pl/pl/oferta/nowoczesne-2-pokoje-winda-duzy-balkon-ID4hHUK.html
557,,,,,,,,,,,,,
558,26.47,1986,lublin,floor_6,63274832,secondary,269000,10162,2022-07-07 12:55:02,2022-07-29 13:55:48,1,block,https://www.otodom.pl/pl/oferta/1-pokojowe-klimatyczne-duzy-balkon-piekny-widok-ID4huFO.html
559,47.9,1974,lublin,ground_floor,63323389,secondary,399900,8349,2022-07-20 21:55:18,2022-07-21 14:35:25,3,block,https://www.otodom.pl/pl/oferta/lsm-3-pokoje-rozklad-parter-dwustronne-ID4hHiZ.html
560,,,,,,,,,,,,,
561,,,,,,,,,,,,,
562,37,1965,lublin,floor_2,63217156,secondary,395000,10676,2022-06-21 13:40:49,2022-07-22 09:39:47,2,block,https://www.otodom.pl/pl/oferta/wieniawa-blisko-centrum-wysoki-standard-balkon-ID4hfFy.html
563,,,,,,,,,,,,,
564,70.07,2005,lublin,floor_2,62776793,secondary,529000,7550,2022-02-15 22:41:17,2022-07-21 14:38:42,3,block,https://www.otodom.pl/pl/oferta/przestronne-na-drugim-pietrze-w-niskim-bloku-ID4fp6W.html
565,,,,,,,,,,,,,
566,68.8,1969,lublin,floor_4,63274815,secondary,549000,7980,2022-07-07 12:52:55,2022-07-29 12:56:59,3,block,https://www.otodom.pl/pl/oferta/mieszkanie-lsm-niski-blok-z-winda-ID4huFx.html
567,70.46,2021,lublin,floor_1,63214923,primary,669370,9500,2022-06-20 21:48:38,2022-07-29 19:01:12,3,block,https://www.otodom.pl/pl/oferta/nowe-mieszkanie-w-inw-rezydencja-chabrowa-b-m7-ID4hf5x.html
568,71.08,2021,lublin,ground_floor,63214906,primary,625504,8800,2022-06-20 21:42:22,2022-07-26 19:01:12,3,block,https://www.otodom.pl/pl/oferta/nowe-mieszkanie-w-inw-rezydencja-chabrowa-b-m2-ID4hf5g.html
569,67.58,2021,lublin,floor_1,63214939,primary,594704,8800,2022-06-20 21:52:07,2022-07-30 09:00:04,3,block,https://www.otodom.pl/pl/oferta/nowe-mieszkanie-w-inw-rezydencja-chabrowa-b-m11-ID4hf5N.html
570,,,,,,,,,,,,,
571,44.05,2023,lublin,floor_5,63274588,primary,339185,7700,2022-07-07 12:23:53,2022-07-29 12:32:13,2,block,https://www.otodom.pl/pl/oferta/sprzedam-mieszkanie-w-lublinie-stan-surowy-ID4huBS.html
572,45.04,2021,lublin,ground_floor,63214908,primary,427880,9500,2022-06-20 21:42:46,2022-07-27 19:00:52,2,block,https://www.otodom.pl/pl/oferta/nowe-mieszkanie-w-inw-rezydencja-chabrowa-b-m3-ID4hf5i.html
573,72.6,2021,lublin,floor_1,63214929,primary,638880,8800,2022-06-20 21:49:58,2022-07-28 09:00:08,3,block,https://www.otodom.pl/pl/oferta/nowe-mieszkanie-w-inw-rezydencja-chabrowa-b-m9-ID4hf5D.html
574,68.76,2021,lublin,ground_floor,63214910,primary,605088,8800,2022-06-20 21:43:07,2022-07-28 19:00:46,3,block,https://www.otodom.pl/pl/oferta/nowe-mieszkanie-w-inw-rezydencja-chabrowa-b-m4-ID4hf5k.html
575,46.1,2021,lublin,floor_3,63214878,primary,437950,9500,2022-06-20 21:34:28,2022-07-25 19:01:24,2,block,https://www.otodom.pl/pl/oferta/nowe-mieszkanie-w-inw-rezydencja-chabrowa-a-m21-ID4hf4O.html
576,48.12,2021,lublin,floor_1,63214934,primary,457140,9500,2022-06-20 21:50:26,2022-07-29 09:00:05,2,block,https://www.otodom.pl/pl/oferta/nowe-mieszkanie-w-inw-rezydencja-chabrowa-b-m10-ID4hf5I.html
577,67.02,2021,lublin,floor_1,63214942,primary,589776,8800,2022-06-20 21:52:22,2022-07-31 09:00:01,3,block,https://www.otodom.pl/pl/oferta/nowe-mieszkanie-w-inw-rezydencja-chabrowa-b-m12-ID4hf5Q.html
578,45.31,2021,lublin,floor_1,63214928,primary,430445,9500,2022-06-20 21:49:39,2022-07-30 19:00:26,2,block,https://www.otodom.pl/pl/oferta/nowe-mieszkanie-w-inw-rezydencja-chabrowa-b-m8-ID4hf5C.html
579,62.6,2012,lublin,floor_3,63324324,secondary,520000,8307,2022-07-21 11:03:12,2022-07-25 15:06:06,3,block,https://www.otodom.pl/pl/oferta/weglin-3-pokoje-do-wejscia-ID4hHy4.html
580,49.64,1950,lublin,floor_3,63199454,secondary,398000,8018,2022-06-15 11:47:22,2022-07-21 12:08:42,2,tenement,https://www.otodom.pl/pl/oferta/mieszkanie-przy-starym-miescie-blisko-um-ID4hb42.html
581,,,,,,,,,,,,,
582,37.36,1968,lublin,floor_3,63267408,secondary,375000,10037,2022-07-05 16:12:44,2022-07-25 16:15:52,2,block,https://www.otodom.pl/pl/oferta/2pokoje-bez-piecyka-centrum-ID4hsK4.html
583,54.7,2022,lublin,floor_3,63140247,primary,371960,6800,2022-05-30 12:20:43,2022-07-29 12:45:43,3,apartment,https://www.otodom.pl/pl/oferta/bez-wkladu-wlasnego-tylko-u-nas-okazja-ID4gWF5.html
584,43,1970,lublin,floor_3,63215727,secondary,369000,8581,2022-06-21 09:56:19,2022-07-29 13:55:44,2,block,https://www.otodom.pl/pl/oferta/2-pokoje-komfort-po-remoncie-balkon-ID4hfiw.html
585,,,,,,,,,,,,,
586,,,,,,,,,,,,,
587,,,,,,,,,,,,,
588,30.52,1960,lublin,floor_1,62810416,secondary,249000,8159,2022-02-23 21:55:22,2022-07-25 14:10:14,2,tenement,https://www.otodom.pl/pl/oferta/2-pokoje-po-remoncie-blisko-centrum-dziesiata-ID4fxRe.html
589,35.1,1970,lublin,floor_4,62789963,secondary,329000,9373,2022-02-18 16:55:36,2022-07-26 21:55:21,2,block,https://www.otodom.pl/pl/oferta/mieszkanie-2-pokoje-35-10-m2-tatary-ID4fsxl.html
590,47,1989,lublin,floor_3,62996340,secondary,359000,7638,2022-04-19 10:41:01,2022-07-26 12:40:06,2,block,https://www.otodom.pl/pl/oferta/bronowice-dwa-pokoje-z-duzym-balkonem-ID4gke0.html
591,41,1970,lublin,floor_10,62655156,secondary,325000,7927,2022-01-13 10:30:48,2022-07-13 10:29:47,2,block,https://www.otodom.pl/pl/oferta/mieszkanie-2-pokoje-41-m2-bronowice-ID4eTt2.html
592,,,,,,,,,,,,,
593,46.5,1979,lublin,floor_1,62845004,secondary,399000,8581,2022-03-05 15:45:08,2022-07-28 12:32:37,3,block,https://www.otodom.pl/pl/oferta/3-pokojowe-bronowice-1-pietro-okazja-ID4fGR6.html
594,,,,,,,,,,,,,
595,30.34,1960,lublin,floor_1,62810544,secondary,249000,8207,2022-02-23 22:54:50,2022-07-25 14:10:15,1,tenement,https://www.otodom.pl/pl/oferta/kawalerka-po-remoncie-blisko-centrum-dziesiata-ID4fxTi.html
596,28.39,2022,lublin,floor_1,62840813,primary,320807,11300,2022-03-04 11:06:28,2022-07-08 19:01:10,1,apartment,https://www.otodom.pl/pl/oferta/apartamenty-sowinskiego-lublin-apartament-m05-ID4fFLw.html
597,61,1980,lublin,ground_floor,63019047,secondary,459000,7525,2022-04-25 20:35:20,2022-07-24 21:15:19,3,block,https://www.otodom.pl/pl/oferta/3-4-pokoje-czuby-widok-na-zielen-ID4gq8f.html
598,38,2005,lublin,floor_2,63284509,secondary,375000,9868,2022-07-10 12:54:23,2022-07-27 09:15:35,1,block,https://www.otodom.pl/pl/oferta/mieszkanie-38m-startowa-balkon-piwnica-ID4hxbT.html
599,,,,,,,,,,,,,
600,,,,,,,,,,,,,
601,61.2,1993,lublin,floor_8,63273475,secondary,550000,8987,2022-07-07 02:06:35,2022-07-29 02:08:33,3,block,https://www.otodom.pl/pl/oferta/mieszkanie-3-pok-przy-samym-um-z-widokiem-okazja-ID4hujW.html
602,61.8,1998,lublin,floor_3,63322968,secondary,439000,7104,2022-07-20 18:34:39,2022-07-30 21:30:43,3,block,https://www.otodom.pl/pl/oferta/mieszkanie-61-8m2-lublin-poreba-dobry-dojazd-ID4hHcc.html
603,54,2000,lublin,floor_2,63239245,secondary,469000,8685,2022-06-27 20:05:18,2022-07-22 10:01:24,2,block,https://www.otodom.pl/pl/oferta/2-pokoje-2-pietro-rogatka-warszawska-ID4hlpP.html
604,,,,,,,,,,,,,
605,87.74,2019,lublin,floor_5,63322852,secondary,842000,9597,2022-07-20 17:45:05,2022-07-29 15:42:06,4,block,https://www.otodom.pl/pl/oferta/wrotkow-4-pokoje-87m2-5-pietro-2x-balkon-ID4hHak.html
606,,,,,,,,,,,,,
607,57,2020,lublin,floor_10,63322930,secondary,1220000,21404,2022-07-20 18:17:31,2022-07-30 18:31:08,2,apartment,https://www.otodom.pl/pl/oferta/unia-art-residence-10p-widok-57m2-basen-fitnes-ID4hHbA.html
608,,,,,,,,,,,,,
609,40.79,2023,lublin,ground_floor,63322755,primary,280000,6864,2022-07-20 17:18:18,2022-07-30 17:19:23,2,block,https://www.otodom.pl/pl/oferta/nowe-mieszkanie-2-pokoje-40-19m2-jemioluszki-ID4hH8L.html
610,60,2008,lublin,floor_2,63322701,secondary,530000,8833,2022-07-20 17:01:51,2022-07-28 11:09:16,3,block,https://www.otodom.pl/pl/oferta/przestronne-trzy-pokoje-na-ponikwodzie-ID4hH7T.html
611,72,2014,lublin,floor_2,63082724,secondary,625000,8681,2022-05-14 12:55:22,2022-07-20 13:52:54,4,block,https://www.otodom.pl/pl/oferta/przestronne-mieszkanie-4-pokoje-wrotkow-ID4gGHi.html
612,98.04,2022,lublin,ground_floor,63270922,primary,529000,5396,2022-07-06 13:46:31,2022-07-28 13:47:57,4,ribbon,https://www.otodom.pl/pl/oferta/osiedle-bliskie-drugi-etap-nowe-super-ceny-ID4htEK.html
613,57,2013,lublin,ground_floor,63265244,secondary,575000,10088,2022-07-05 11:03:34,2022-07-20 13:38:37,3,block,https://www.otodom.pl/pl/oferta/wykonczone-pod-klucz-wynajete-poreba-57m2-3pok-ID4hsba.html
614,,,,,,,,,,,,,
615,54,1979,lublin,floor_8,62988067,secondary,449000,8315,2022-04-14 18:35:14,2022-07-22 12:16:21,3,block,https://www.otodom.pl/pl/oferta/mieszkanie-3-pokoje-54-m2-lsm-ID4gi4z.html
616,,,,,,,,,,,,,
617,,,,,,,,,,,,,
618,68.22,2017,lublin,floor_1,63320930,secondary,629000,9220,2022-07-20 11:53:51,2022-07-20 13:53:02,4,block,https://www.otodom.pl/pl/oferta/4-rozkladowe-pokoje-winda-wysoki-standard-2017r-ID4hGFk.html
619,43,1965,lublin,floor_3,63315249,secondary,369000,8581,2022-07-18 23:35:19,2022-07-27 13:04:06,2,block,https://www.otodom.pl/pl/oferta/2-pokoje-z-balkonem-blisko-centrum-ID4hFbH.html
620,53.54,2022,lublin,floor_2,61670092,primary,433674,8100,2021-03-26 11:21:08,2022-07-20 10:48:09,3,block,https://www.otodom.pl/pl/oferta/nowe-mieszkanie-3-pokoje-53m2-weglinek-2022r-ID4aLcU.html
621,54.7,1967,lublin,floor_1,63078102,secondary,489000,8940,2022-05-13 10:40:57,2022-07-29 15:41:33,3,block,https://www.otodom.pl/pl/oferta/lsm-skierki-3-pokoje-1-pietro-po-remoncie-ID4gFuK.html
622,30.94,1920,lublin,floor_1,62724002,secondary,255000,8242,2022-02-01 18:31:07,2022-07-29 15:41:19,2,tenement,https://www.otodom.pl/pl/oferta/dziesiata-2-pokoje-31m2-po-remoncie-ID4fbns.html
623,44,2004,lublin,floor_3,63114197,secondary,378000,8591,2022-05-23 11:43:15,2022-07-22 12:16:33,2,block,https://www.otodom.pl/pl/oferta/2-pokoje-do-wejscia-slawin-ID4gOSW.html
624,,,,,,,,,,,,,
625,50.94,1960,lublin,floor_2,62729734,secondary,439000,8618,2022-02-03 10:22:14,2022-07-29 15:41:21,3,block,https://www.otodom.pl/pl/oferta/bronowice-sowia-51m2-3-pokoje-po-remoncie-ID4fcRU.html
626,70,1982,lublin,floor_7,63051376,secondary,585000,8357,2022-05-06 10:15:29,2022-07-19 14:12:21,3,block,https://www.otodom.pl/pl/oferta/przestronne-70m2-do-wejscia-wieniawa-ID4gyxG.html
627,50.95,1950,lublin,floor_2,63167851,secondary,429000,8420,2022-06-06 16:32:21,2022-07-13 11:53:35,2,tenement,https://www.otodom.pl/pl/oferta/2-pokoje-przy-uniwersytecie-medycznym-2-pietro-ID4h2Qj.html
628,62.22,1978,lublin,floor_10,63056000,secondary,449000,7216,2022-05-07 17:22:23,2022-07-22 06:06:17,4,block,https://www.otodom.pl/pl/oferta/1-km-od-centrum-idealna-lokalizacja-pod-wynajem-ID4gzKg.html
629,69.09,2012,lublin,ground_floor,62784322,secondary,520000,7526,2022-02-17 15:41:26,2022-07-17 16:45:49,4,block,https://www.otodom.pl/pl/oferta/mieszkanie-4-pokoje-w-niskiej-zabudowie-os-botanik-ID4fr4m.html
630,47.95,1979,lublin,floor_6,63211427,secondary,425000,8863,2022-06-20 10:55:56,2022-07-22 13:11:16,3,block,https://www.otodom.pl/pl/oferta/inwestycyjne-trzy-pokojelwowskablisko-um-ID4heb9.html
631,56.92,1935,lublin,floor_1,62950805,secondary,595000,10453,2022-04-04 15:50:33,2022-07-26 12:41:50,2,tenement,https://www.otodom.pl/pl/oferta/wieniawska-idealne-na-biuro-i-do-zamieszkania-ID4g8nz.html
632,45,2022,lublin,floor_3,62945387,secondary,382900,8509,2022-04-02 17:15:07,2022-07-06 10:35:24,3,block,https://www.otodom.pl/pl/oferta/mieszkanie-lublin-dziesiata-ID4g6Yb.html
633,120,2002,lublin,floor_3,62450840,secondary,755880,6299,2021-11-02 19:11:14,2022-07-28 21:13:59,4,block,https://www.otodom.pl/pl/oferta/dwupoziomowe-sloneczne-mieszkanie-106-120m-czuby-ID4e2jC.html
634,45.5,2022,lublin,ground_floor,62830357,primary,389900,8569,2022-03-01 20:33:52,2022-07-06 10:56:18,3,block,https://www.otodom.pl/pl/oferta/nowe-3-pokoje-46m2-z-duzym-ogrodem-i-parkingiem-ID4fD2R.html
635,47,1970,lublin,floor_10,63121176,secondary,380000,8085,2022-05-24 17:20:50,2022-07-25 14:31:08,3,block,https://www.otodom.pl/pl/oferta/3-pokojowe-mieszkanie-na-lsm-ID4gQHu.html
636,,,,,,,,,,,,,
637,59.7,1991,lublin,ground_floor,62859107,secondary,468645,7850,2022-03-09 16:29:01,2022-07-28 11:17:20,3,block,https://www.otodom.pl/pl/oferta/mieszkanie-na-parterze-3-pokoje-czuby-os-poreba-ID4fKvz.html
638,65.08,2018,lublin,floor_1,63116266,secondary,650000,9988,2022-05-23 16:11:18,2022-07-29 14:40:50,3,block,https://www.otodom.pl/pl/oferta/ponikwoda-ID4gPqi.html
639,79,1995,lublin,floor_3,63168039,secondary,560000,7089,2022-06-06 17:11:35,2022-07-11 16:29:16,3,block,https://www.otodom.pl/pl/oferta/przestronne-3-4-pokoje-lsm-blok-1995r-winda-ID4h2Tl.html
640,41.5,2023,lublin,floor_7,63167372,primary,643250,15500,2022-06-06 15:12:47,2022-07-29 11:13:40,1,apartment,https://www.otodom.pl/pl/oferta/inwestycyjne-apartamenty-w-centrum-lublina-ID4h2IA.html
641,63.88,2012,lublin,floor_1,63320144,secondary,590000,9236,2022-07-20 09:05:12,2022-07-30 13:10:38,3,block,https://www.otodom.pl/pl/oferta/trzypokojowe-duzy-balkon-ul-strzembosza-ID4hGsE.html
642,,,,,,,,,,,,,
643,55,2022,smugi_38806,ground_floor,63264626,primary,369000,6709,2022-07-05 07:51:20,2022-07-22 12:03:10,3,house,https://www.otodom.pl/pl/oferta/mieszkanie-55-m2-na-kameralnym-osiedlu-eko-osada-ID4hs1c.html
644,55,2022,smugi_38806,floor_1,63264629,primary,369000,6709,2022-07-05 07:54:29,2022-07-22 12:07:24,3,house,https://www.otodom.pl/pl/oferta/mieszkanie-55-m2-na-kameralnym-osiedlu-eko-osada-ID4hs1f.html
645,57,2022,lublin,floor_3,63320040,primary,390000,6842,2022-07-20 07:32:31,2022-07-30 07:34:09,3,block,https://www.otodom.pl/pl/oferta/nowe-mieszkania-3-pokoje-57m-oraz-53m-weglinek-ID4hGqY.html
646,50,1979,lublin,ground_floor,63319827,secondary,520000,10400,2022-07-19 23:37:49,2022-07-29 23:40:40,3,block,https://www.otodom.pl/pl/oferta/mieszkanie-lublin-sowinskiego-3-pokoje-ID4hGnx.html
647,,,,,,,,,,,,,
648,75.3,2006,lublin,floor_2,63268639,secondary,695000,9230,2022-07-05 21:58:51,2022-07-27 22:01:29,3,block,https://www.otodom.pl/pl/oferta/nowoczesne-75m2-3-pok-czuby-ciche-os-zamkniete-ID4ht3W.html
649,,,,,,,,,,,,,
650,70.96,2022,lublin,floor_2,63289724,primary,599999,8455,2022-07-11 18:21:30,2022-07-19 20:32:34,3,apartment,https://www.otodom.pl/pl/oferta/lublin-czuby-orkana-residence-okazja-na-juz-ID4hyy0.html
651,41.19,2022,lublin,floor_3,63287343,primary,284211,6900,2022-07-11 12:13:00,2022-07-21 11:21:45,2,apartment,https://www.otodom.pl/pl/oferta/tylko-unas-kupisz-mieszkanie-bez-wkladu-wlasnego-ID4hxWB.html
652,,,,,,,,,,,,,
